product_id,item_name,price,gender,category,product_link,model_image_link,image_link,num_id
E480081-000,Cotton T-Shirt | Long Sleeve,19.9,women,tops,https://www.uniqlo.com/us/en/products/E480081-000,https://image.uniqlo.com/UQ/ST3/us/imagesgoods/480081/sub/usgoods_480081_sub7_3x4.jpg?width=400,https://image.uniqlo.com/UQ/ST3/WesternCommon/imagesgoods/480081/sub/goods_480081_sub14_3x4.jpg?width=400,480081
E484297-000,T-Shirt | Long Sleeve,19.9,women,tops,https://www.uniqlo.com/us/en/products/E484297-000,https://image.uniqlo.com/UQ/ST3/us/imagesgoods/484297/sub/usgoods_484297_sub7_3x4.jpg?width=400,https://image.uniqlo.com/UQ/ST3/WesternCommon/imagesgoods/484297/sub/goods_484297_sub14_3x4.jpg?width=400,484297
E449860-000,T-Shirt | Long-Sleeve,19.9,women,tops,https://www.uniqlo.com/us/en/products/E449860-000,https://image.uniqlo.com/UQ/ST3/us/imagesgoods/449860/sub/usgoods_449860_sub7_3x4.jpg?width=400,https://image.uniqlo.com/UQ/ST3/WesternCommon/imagesgoods/449860/sub/goods_449860_sub14_3x4.jpg?width=400,449860
E480036-000,Ribbed T-Shirt | Long Sleeve | Striped,19.9,women,tops,https://www.uniqlo.com/us/en/products/E480036-000,https://image.uniqlo.com/UQ/ST3/us/imagesgoods/480036/sub/usgoods_480036_sub7_3x4.jpg?width=400,https://image.uniqlo.com/UQ/ST3/WesternCommon/imagesgoods/480036/sub/goods_480036_sub14_3x4.jpg?width=400,480036
E476855-000,Ribbed Raglan T-Shirt | Long Sleeve,19.9,women,tops,https://www.uniqlo.com/us/en/products/E476855-000,https://image.uniqlo.com/UQ/ST3/us/imagesgoods/476855/sub/usgoods_476855_sub7_3x4.jpg?width=400,https://image.uniqlo.com/UQ/ST3/WesternCommon/imagesgoods/476855/sub/goods_476855_sub14_3x4.jpg?width=400,476855
E479588-000,High Neck T-Shirt,19.9,women,tops,https://www.uniqlo.com/us/en/products/E479588-000,https://image.uniqlo.com/UQ/ST3/us/imagesgoods/479588/sub/usgoods_479588_sub7_3x4.jpg?width=400,https://image.uniqlo.com/UQ/ST3/WesternCommon/imagesgoods/479588/sub/goods_479588_sub14_3x4.jpg?width=400,479588
E481026-000,High Neck T-Shirt | Striped,19.9,women,tops,https://www.uniqlo.com/us/en/products/E481026-000,https://image.uniqlo.com/UQ/ST3/us/imagesgoods/481026/sub/usgoods_481026_sub7_3x4.jpg?width=400,https://image.uniqlo.com/UQ/ST3/WesternCommon/imagesgoods/481026/sub/goods_481026_sub14_3x4.jpg?width=400,481026
E465751-000,Ribbed T-Shirt | Long Sleeve,19.9,women,tops,https://www.uniqlo.com/us/en/products/E465751-000,https://image.uniqlo.com/UQ/ST3/us/imagesgoods/465751/sub/usgoods_465751_sub7_3x4.jpg?width=400,https://image.uniqlo.com/UQ/ST3/WesternCommon/imagesgoods/465751/sub/goods_465751_sub14_3x4.jpg?width=400,465751
E479586-000,Soft Half-Zip T-Shirt,19.9,women,tops,https://www.uniqlo.com/us/en/products/E479586-000,https://image.uniqlo.com/UQ/ST3/us/imagesgoods/479586/sub/usgoods_479586_sub7_3x4.jpg?width=400,https://image.uniqlo.com/UQ/ST3/WesternCommon/imagesgoods/479586/sub/goods_479586_sub14_3x4.jpg?width=400,479586
E479693-000,Stretch Fleece Half-Zip T-Shirt,19.9,women,tops,https://www.uniqlo.com/us/en/products/E479693-000,https://image.uniqlo.com/UQ/ST3/us/imagesgoods/479693/sub/usgoods_479693_sub7_3x4.jpg?width=400,https://image.uniqlo.com/UQ/ST3/WesternCommon/imagesgoods/479693/sub/goods_479693_sub14_3x4.jpg?width=400,479693
E470143-000,Knitted Fleece T-Shirt | Long Sleeve,19.9,women,tops,https://www.uniqlo.com/us/en/products/E470143-000,https://image.uniqlo.com/UQ/ST3/us/imagesgoods/470143/sub/usgoods_470143_sub7_3x4.jpg?width=400,https://image.uniqlo.com/UQ/ST3/WesternCommon/imagesgoods/470143/sub/goods_470143_sub14_3x4.jpg?width=400,470143
E478965-000,Ultra Warm T-Shirt,19.9,women,tops,https://www.uniqlo.com/us/en/products/E478965-000,https://image.uniqlo.com/UQ/ST3/us/imagesgoods/478965/sub/usgoods_478965_sub7_3x4.jpg?width=400,https://image.uniqlo.com/UQ/ST3/WesternCommon/imagesgoods/478965/sub/goods_478965_sub14_3x4.jpg?width=400,478965
E469765-000,Cashmere Blend T-Shirt | Extra Warm,19.9,women,tops,https://www.uniqlo.com/us/en/products/E469765-000,https://image.uniqlo.com/UQ/ST3/us/imagesgoods/469765/sub/usgoods_469765_sub7_3x4.jpg?width=400,https://image.uniqlo.com/UQ/ST3/WesternCommon/imagesgoods/469765/sub/goods_469765_sub14_3x4.jpg?width=400,469765
E480868-000,Ultra Warm High Neck T-Shirt,19.9,women,tops,https://www.uniqlo.com/us/en/products/E480868-000,https://image.uniqlo.com/UQ/ST3/us/imagesgoods/480868/sub/usgoods_480868_sub7_3x4.jpg?width=400,https://image.uniqlo.com/UQ/ST3/WesternCommon/imagesgoods/480868/sub/goods_480868_sub14_3x4.jpg?width=400,480868
E460407-000,Ultra Warm T-Shirt | High Neck,19.9,women,tops,https://www.uniqlo.com/us/en/products/E460407-000,https://image.uniqlo.com/UQ/ST3/us/imagesgoods/460407/sub/usgoods_460407_sub7_3x4.jpg?width=400,https://image.uniqlo.com/UQ/ST3/WesternCommon/imagesgoods/460407/sub/goods_460407_sub14_3x4.jpg?width=400,460407
E480342-000,Extra Warm Cashmere Blend T-Shirt | Scoop Neck,19.9,women,tops,https://www.uniqlo.com/us/en/products/E480342-000,https://image.uniqlo.com/UQ/ST3/us/imagesgoods/480342/sub/usgoods_480342_sub7_3x4.jpg?width=400,https://image.uniqlo.com/UQ/ST3/WesternCommon/imagesgoods/480342/sub/goods_480342_sub14_3x4.jpg?width=400,480342
E477739-000,Back Halter Bra Top,19.9,women,tops,https://www.uniqlo.com/us/en/products/E477739-000,https://image.uniqlo.com/UQ/ST3/us/imagesgoods/477739/sub/usgoods_477739_sub7_3x4.jpg?width=400,https://image.uniqlo.com/UQ/ST3/WesternCommon/imagesgoods/477739/sub/goods_477739_sub14_3x4.jpg?width=400,477739
E474411-000,Soft Cropped T-Shirt,19.9,women,tops,https://www.uniqlo.com/us/en/products/E474411-000,https://image.uniqlo.com/UQ/ST3/us/imagesgoods/474411/sub/usgoods_474411_sub7_3x4.jpg?width=400,https://image.uniqlo.com/UQ/ST3/WesternCommon/imagesgoods/474411/sub/goods_474411_sub14_3x4.jpg?width=400,474411
E483245-000,Velour Mini T-Shirt,19.9,women,tops,https://www.uniqlo.com/us/en/products/E483245-000,https://image.uniqlo.com/UQ/ST3/us/imagesgoods/483245/sub/usgoods_483245_sub7_3x4.jpg?width=400,https://image.uniqlo.com/UQ/ST3/WesternCommon/imagesgoods/483245/sub/goods_483245_sub14_3x4.jpg?width=400,483245
E473987-000,Cropped Bra Top | Striped,19.9,women,tops,https://www.uniqlo.com/us/en/products/E473987-000,https://image.uniqlo.com/UQ/ST3/us/imagesgoods/473987/sub/usgoods_473987_sub7_3x4.jpg?width=400,https://image.uniqlo.com/UQ/ST3/WesternCommon/imagesgoods/473987/sub/goods_473987_sub14_3x4.jpg?width=400,473987
E478926-000,Back Halter Bra Top | Striped,19.9,women,tops,https://www.uniqlo.com/us/en/products/E478926-000,https://image.uniqlo.com/UQ/ST3/us/imagesgoods/478926/sub/usgoods_478926_sub7_3x4.jpg?width=400,https://image.uniqlo.com/UQ/ST3/WesternCommon/imagesgoods/478926/sub/goods_478926_sub14_3x4.jpg?width=400,478926
E473983-000,Cropped Bra Top,19.9,women,tops,https://www.uniqlo.com/us/en/products/E473983-000,https://image.uniqlo.com/UQ/ST3/us/imagesgoods/473983/sub/usgoods_473983_sub7_3x4.jpg?width=400,https://image.uniqlo.com/UQ/ST3/WesternCommon/imagesgoods/473983/sub/goods_473983_sub14_3x4.jpg?width=400,473983
E473983-000,Cropped Bra Top,19.9,women,tops,https://www.uniqlo.com/us/en/products/E473983-000,https://image.uniqlo.com/UQ/ST3/us/imagesgoods/473983/sub/usgoods_473983_sub7_3x4.jpg?width=400,https://image.uniqlo.com/UQ/ST3/WesternCommon/imagesgoods/473983/sub/goods_473983_sub14_3x4.jpg?width=400,473983
E480054-000,Cotton T-Shirt | Striped,19.9,women,tops,https://www.uniqlo.com/us/en/products/E480054-000,https://image.uniqlo.com/UQ/ST3/us/imagesgoods/480054/sub/usgoods_480054_sub7_3x4.jpg?width=400,https://image.uniqlo.com/UQ/ST3/WesternCommon/imagesgoods/480054/sub/goods_480054_sub14_3x4.jpg?width=400,480054
E465755-000,Cotton T-Shirt,19.9,women,tops,https://www.uniqlo.com/us/en/products/E465755-000,https://image.uniqlo.com/UQ/ST3/us/imagesgoods/465755/sub/usgoods_465755_sub7_3x4.jpg?width=400,https://image.uniqlo.com/UQ/ST3/WesternCommon/imagesgoods/465755/sub/goods_465755_sub14_3x4.jpg?width=400,465755
E480808-000,T-Shirt,19.9,women,tops,https://www.uniqlo.com/us/en/products/E480808-000,https://image.uniqlo.com/UQ/ST3/us/imagesgoods/480808/sub/usgoods_480808_sub7_3x4.jpg?width=400,https://image.uniqlo.com/UQ/ST3/WesternCommon/imagesgoods/480808/sub/goods_480808_sub14_3x4.jpg?width=400,480808
E473980-000,Bra Top,19.9,women,tops,https://www.uniqlo.com/us/en/products/E473980-000,https://image.uniqlo.com/UQ/ST3/us/imagesgoods/473980/sub/usgoods_473980_sub7_3x4.jpg?width=400,https://image.uniqlo.com/UQ/ST3/WesternCommon/imagesgoods/473980/sub/goods_473980_sub14_3x4.jpg?width=400,473980
E473977-000,Bra Camisole,19.9,women,tops,https://www.uniqlo.com/us/en/products/E473977-000,https://image.uniqlo.com/UQ/ST3/us/imagesgoods/473977/sub/usgoods_473977_sub7_3x4.jpg?width=400,https://image.uniqlo.com/UQ/ST3/WesternCommon/imagesgoods/473977/sub/goods_473977_sub14_3x4.jpg?width=400,473977
E442063-000,Fleece T-Shirt | Turtleneck,19.9,women,tops,https://www.uniqlo.com/us/en/products/E442063-000,https://image.uniqlo.com/UQ/ST3/us/imagesgoods/442063/sub/usgoods_442063_sub7_3x4.jpg?width=400,https://image.uniqlo.com/UQ/ST3/WesternCommon/imagesgoods/442063/sub/goods_442063_sub14_3x4.jpg?width=400,442063
E442063-000,Fleece T-Shirt | Turtleneck,19.9,women,tops,https://www.uniqlo.com/us/en/products/E442063-000,https://image.uniqlo.com/UQ/ST3/us/imagesgoods/442063/sub/usgoods_442063_sub7_3x4.jpg?width=400,https://image.uniqlo.com/UQ/ST3/WesternCommon/imagesgoods/442063/sub/goods_442063_sub14_3x4.jpg?width=400,442063
E471601-000,Cashmere Blend T-Shirt | Extra Warm | Turtleneck,19.9,women,tops,https://www.uniqlo.com/us/en/products/E471601-000,https://image.uniqlo.com/UQ/ST3/us/imagesgoods/471601/sub/usgoods_471601_sub7_3x4.jpg?width=400,https://image.uniqlo.com/UQ/ST3/WesternCommon/imagesgoods/471601/sub/goods_471601_sub14_3x4.jpg?width=400,471601
E471601-000,Cashmere Blend T-Shirt | Extra Warm | Turtleneck,19.9,women,tops,https://www.uniqlo.com/us/en/products/E471601-000,https://image.uniqlo.com/UQ/ST3/us/imagesgoods/471601/sub/usgoods_471601_sub7_3x4.jpg?width=400,https://image.uniqlo.com/UQ/ST3/WesternCommon/imagesgoods/471601/sub/goods_471601_sub14_3x4.jpg?width=400,471601
E465185-000,Cotton Oversized T-Shirt | Half-Sleeve,19.9,unisex,tops,https://www.uniqlo.com/us/en/products/E465185-000,https://image.uniqlo.com/UQ/ST3/us/imagesgoods/465185/sub/usgoods_465185_sub7_3x4.jpg?width=400,https://image.uniqlo.com/UQ/ST3/WesternCommon/imagesgoods/465185/sub/goods_465185_sub14_3x4.jpg?width=400,465185
E465193-000,Cotton T-Shirt | Long Sleeve,19.9,unisex,tops,https://www.uniqlo.com/us/en/products/E465193-000,https://image.uniqlo.com/UQ/ST3/us/imagesgoods/465193/sub/usgoods_465193_sub7_3x4.jpg?width=400,https://image.uniqlo.com/UQ/ST3/WesternCommon/imagesgoods/465193/sub/goods_465193_sub14_3x4.jpg?width=400,465193
E422992-000,Neck T-Shirt,19.9,unisex,tops,https://www.uniqlo.com/us/en/products/E422992-000,https://image.uniqlo.com/UQ/ST3/us/imagesgoods/422992/sub/usgoods_422992_sub7_3x4.jpg?width=400,https://image.uniqlo.com/UQ/ST3/WesternCommon/imagesgoods/422992/sub/goods_422992_sub14_3x4.jpg?width=400,422992
E457517-000,Cotton T-Shirt | Sleeveless,24.9,men,tops,https://www.uniqlo.com/us/en/products/E457517-000,https://image.uniqlo.com/UQ/ST3/us/imagesgoods/457517/sub/usgoods_457517_sub7_3x4.jpg?width=400,https://image.uniqlo.com/UQ/ST3/WesternCommon/imagesgoods/457517/sub/goods_457517_sub14_3x4.jpg?width=400,457517
E474244-000,Cotton T-Shirt,24.9,men,tops,https://www.uniqlo.com/us/en/products/E474244-000,https://image.uniqlo.com/UQ/ST3/us/imagesgoods/474244/sub/usgoods_474244_sub7_3x4.jpg?width=400,https://image.uniqlo.com/UQ/ST3/WesternCommon/imagesgoods/474244/sub/goods_474244_sub14_3x4.jpg?width=400,474244
E454315-000,Cotton T-Shirt,24.9,men,tops,https://www.uniqlo.com/us/en/products/E454315-000,https://image.uniqlo.com/UQ/ST3/us/imagesgoods/454315/sub/usgoods_454315_sub7_3x4.jpg?width=400,https://image.uniqlo.com/UQ/ST3/WesternCommon/imagesgoods/454315/sub/goods_454315_sub14_3x4.jpg?width=400,454315
E481442-000,Extra Warm Cashmere Blend Turtleneck,24.9,men,tops,https://www.uniqlo.com/us/en/products/E481442-000,https://image.uniqlo.com/UQ/ST3/us/imagesgoods/481442/sub/usgoods_481442_sub7_3x4.jpg?width=400,https://image.uniqlo.com/UQ/ST3/WesternCommon/imagesgoods/481442/sub/goods_481442_sub14_3x4.jpg?width=400,481442
E481441-000,Extra Warm Cashmere Blend T-Shirt,24.9,men,tops,https://www.uniqlo.com/us/en/products/E481441-000,https://image.uniqlo.com/UQ/ST3/us/imagesgoods/481441/sub/usgoods_481441_sub7_3x4.jpg?width=400,https://image.uniqlo.com/UQ/ST3/WesternCommon/imagesgoods/481441/sub/goods_481441_sub14_3x4.jpg?width=400,481441
E476141-000,T-Shirt | Printed,24.9,unisex,tops,https://www.uniqlo.com/us/en/products/E476141-000,https://image.uniqlo.com/UQ/ST3/us/imagesgoods/476141/sub/usgoods_476141_sub7_3x4.jpg?width=400,https://image.uniqlo.com/UQ/ST3/WesternCommon/imagesgoods/476141/sub/goods_476141_sub14_3x4.jpg?width=400,476141
E465189-000,Color Ribbed Tank Top,24.9,men,tops,https://www.uniqlo.com/us/en/products/E465189-000,https://image.uniqlo.com/UQ/ST3/us/imagesgoods/465189/sub/usgoods_465189_sub7_3x4.jpg?width=400,https://image.uniqlo.com/UQ/ST3/WesternCommon/imagesgoods/465189/sub/goods_465189_sub14_3x4.jpg?width=400,465189
E465187-000,Color T-Shirt,24.9,unisex,tops,https://www.uniqlo.com/us/en/products/E465187-000,https://image.uniqlo.com/UQ/ST3/us/imagesgoods/465187/sub/usgoods_465187_sub7_3x4.jpg?width=400,https://image.uniqlo.com/UQ/ST3/WesternCommon/imagesgoods/465187/sub/goods_465187_sub14_3x4.jpg?width=400,465187
E450179-000,Brushed T-Shirt | Long Sleeve,24.9,men,tops,https://www.uniqlo.com/us/en/products/E450179-000,https://image.uniqlo.com/UQ/ST3/us/imagesgoods/450179/sub/usgoods_450179_sub7_3x4.jpg?width=400,https://image.uniqlo.com/UQ/ST3/WesternCommon/imagesgoods/450179/sub/goods_450179_sub14_3x4.jpg?width=400,450179
E460318-000,T-Shirt | Long Sleeve,24.9,unisex,tops,https://www.uniqlo.com/us/en/products/E460318-000,https://image.uniqlo.com/UQ/ST3/us/imagesgoods/460318/sub/usgoods_460318_sub7_3x4.jpg?width=400,https://image.uniqlo.com/UQ/ST3/WesternCommon/imagesgoods/460318/sub/goods_460318_sub14_3x4.jpg?width=400,460318
E481177-000,T-Shirt | Long Sleeve,24.9,men,tops,https://www.uniqlo.com/us/en/products/E481177-000,https://image.uniqlo.com/UQ/ST3/us/imagesgoods/481177/sub/usgoods_481177_sub7_3x4.jpg?width=400,https://image.uniqlo.com/UQ/ST3/WesternCommon/imagesgoods/481177/sub/goods_481177_sub14_3x4.jpg?width=400,481177
E479791-000,Knitted Fleece T-Shirt,24.9,men,tops,https://www.uniqlo.com/us/en/products/E479791-000,https://image.uniqlo.com/UQ/ST3/us/imagesgoods/479791/sub/usgoods_479791_sub7_3x4.jpg?width=400,https://image.uniqlo.com/UQ/ST3/WesternCommon/imagesgoods/479791/sub/goods_479791_sub14_3x4.jpg?width=400,479791
E461003-000,T-Shirt,24.9,men,tops,https://www.uniqlo.com/us/en/products/E461003-000,https://image.uniqlo.com/UQ/ST3/us/imagesgoods/461003/sub/usgoods_461003_sub7_3x4.jpg?width=400,https://image.uniqlo.com/UQ/ST3/WesternCommon/imagesgoods/461003/sub/goods_461003_sub14_3x4.jpg?width=400,461003
E450529-000,Cotton T-Shirt | Extra Warm,24.9,men,tops,https://www.uniqlo.com/us/en/products/E450529-000,https://image.uniqlo.com/UQ/ST3/us/imagesgoods/450529/sub/usgoods_450529_sub7_3x4.jpg?width=400,https://image.uniqlo.com/UQ/ST3/WesternCommon/imagesgoods/450529/sub/goods_450529_sub14_3x4.jpg?width=400,450529
E461011-000,Ultra Warm T-Shirt,24.9,men,tops,https://www.uniqlo.com/us/en/products/E461011-000,https://image.uniqlo.com/UQ/ST3/us/imagesgoods/461011/sub/usgoods_461011_sub7_3x4.jpg?width=400,https://image.uniqlo.com/UQ/ST3/WesternCommon/imagesgoods/461011/sub/goods_461011_sub14_3x4.jpg?width=400,461011
E461002-000,T-Shirt | V Neck | Short Sleeve,24.9,men,tops,https://www.uniqlo.com/us/en/products/E461002-000,https://image.uniqlo.com/UQ/ST3/us/imagesgoods/461002/sub/usgoods_461002_sub7_3x4.jpg?width=400,https://image.uniqlo.com/UQ/ST3/WesternCommon/imagesgoods/461002/sub/goods_461002_sub14_3x4.jpg?width=400,461002
E475380-000,Full-Zip Hoodie,24.9,unisex,tops,https://www.uniqlo.com/us/en/products/E475380-000,https://image.uniqlo.com/UQ/ST3/us/imagesgoods/475380/sub/usgoods_475380_sub7_3x4.jpg?width=400,https://image.uniqlo.com/UQ/ST3/WesternCommon/imagesgoods/475380/sub/goods_475380_sub14_3x4.jpg?width=400,475380
E465203-000,UV Protection Full-Zip Hoodie,24.9,men,tops,https://www.uniqlo.com/us/en/products/E465203-000,https://image.uniqlo.com/UQ/ST3/us/imagesgoods/465203/sub/usgoods_465203_sub7_3x4.jpg?width=400,https://image.uniqlo.com/UQ/ST3/WesternCommon/imagesgoods/465203/sub/goods_465203_sub14_3x4.jpg?width=400,465203
E476146-000,UV Protection Full-Zip Hoodie | Printed,24.9,men,tops,https://www.uniqlo.com/us/en/products/E476146-000,https://image.uniqlo.com/UQ/ST3/us/imagesgoods/476146/sub/usgoods_476146_sub7_3x4.jpg?width=400,https://image.uniqlo.com/UQ/ST3/WesternCommon/imagesgoods/476146/sub/goods_476146_sub14_3x4.jpg?width=400,476146
E471808-000,Oversized Pullover Hoodie,24.9,unisex,tops,https://www.uniqlo.com/us/en/products/E471808-000,https://image.uniqlo.com/UQ/ST3/us/imagesgoods/471808/sub/usgoods_471808_sub7_3x4.jpg?width=400,https://image.uniqlo.com/UQ/ST3/WesternCommon/imagesgoods/471808/sub/goods_471808_sub14_3x4.jpg?width=400,471808
E475378-000,Pullover Hoodie,24.9,unisex,tops,https://www.uniqlo.com/us/en/products/E475378-000,https://image.uniqlo.com/UQ/ST3/us/imagesgoods/475378/sub/usgoods_475378_sub7_3x4.jpg?width=400,https://image.uniqlo.com/UQ/ST3/WesternCommon/imagesgoods/475378/sub/goods_475378_sub14_3x4.jpg?width=400,475378
E475378-000,Pullover Hoodie,24.9,unisex,tops,https://www.uniqlo.com/us/en/products/E475378-000,https://image.uniqlo.com/UQ/ST3/us/imagesgoods/475378/sub/usgoods_475378_sub7_3x4.jpg?width=400,https://image.uniqlo.com/UQ/ST3/WesternCommon/imagesgoods/475378/sub/goods_475378_sub14_3x4.jpg?width=400,475378
E479799-000,Sweatshirt,24.9,men,tops,https://www.uniqlo.com/us/en/products/E479799-000,https://image.uniqlo.com/UQ/ST3/us/imagesgoods/479799/sub/usgoods_479799_sub7_3x4.jpg?width=400,https://image.uniqlo.com/UQ/ST3/WesternCommon/imagesgoods/479799/sub/goods_479799_sub14_3x4.jpg?width=400,479799
E479849-000,Half-Zip Sweatshirt,24.9,unisex,tops,https://www.uniqlo.com/us/en/products/E479849-000,https://image.uniqlo.com/UQ/ST3/us/imagesgoods/479849/sub/usgoods_479849_sub7_3x4.jpg?width=400,https://image.uniqlo.com/UQ/ST3/WesternCommon/imagesgoods/479849/sub/goods_479849_sub14_3x4.jpg?width=400,479849
E475377-000,Sweatshirt,24.9,unisex,tops,https://www.uniqlo.com/us/en/products/E475377-000,https://image.uniqlo.com/UQ/ST3/us/imagesgoods/475377/sub/usgoods_475377_sub7_3x4.jpg?width=400,https://image.uniqlo.com/UQ/ST3/WesternCommon/imagesgoods/475377/sub/goods_475377_sub14_3x4.jpg?width=400,475377
E481040-000,Sweatshirt,24.9,unisex,tops,https://www.uniqlo.com/us/en/products/E481040-000,https://image.uniqlo.com/UQ/ST3/us/imagesgoods/481040/sub/usgoods_481040_sub7_3x4.jpg?width=400,https://image.uniqlo.com/UQ/ST3/WesternCommon/imagesgoods/481040/sub/goods_481040_sub14_3x4.jpg?width=400,481040
E479797-000,Sweatshirt,24.9,men,tops,https://www.uniqlo.com/us/en/products/E479797-000,https://image.uniqlo.com/UQ/ST3/us/imagesgoods/479797/sub/usgoods_479797_sub7_3x4.jpg?width=400,https://image.uniqlo.com/UQ/ST3/WesternCommon/imagesgoods/479797/sub/goods_479797_sub14_3x4.jpg?width=400,479797
E471809-000,Sweatpants,24.9,unisex,tops,https://www.uniqlo.com/us/en/products/E471809-000,https://image.uniqlo.com/UQ/ST3/us/imagesgoods/471809/sub/usgoods_471809_sub7_3x4.jpg?width=400,https://image.uniqlo.com/UQ/ST3/WesternCommon/imagesgoods/471809/sub/goods_471809_sub14_3x4.jpg?width=400,471809
E479803-000,Sweatpants,24.9,unisex,tops,https://www.uniqlo.com/us/en/products/E479803-000,https://image.uniqlo.com/UQ/ST3/us/imagesgoods/479803/sub/usgoods_479803_sub7_3x4.jpg?width=400,https://image.uniqlo.com/UQ/ST3/WesternCommon/imagesgoods/479803/sub/goods_479803_sub14_3x4.jpg?width=400,479803
E479789-000,Pile Lined Sweatpants,24.9,men,tops,https://www.uniqlo.com/us/en/products/E479789-000,https://image.uniqlo.com/UQ/ST3/us/imagesgoods/479789/sub/usgoods_479789_sub7_3x4.jpg?width=400,https://image.uniqlo.com/UQ/ST3/WesternCommon/imagesgoods/479789/sub/goods_479789_sub14_3x4.jpg?width=400,479789
E479803-000,Sweatpants,24.9,unisex,tops,https://www.uniqlo.com/us/en/products/E479803-000,https://image.uniqlo.com/UQ/ST3/us/imagesgoods/479803/sub/usgoods_479803_sub7_3x4.jpg?width=400,https://image.uniqlo.com/UQ/ST3/WesternCommon/imagesgoods/479803/sub/goods_479803_sub14_3x4.jpg?width=400,479803
E481118-000,Slayer: Kimetsu no Yaiba UT Graphic T-Shirt | Zenitsu,14.9,men,tops,https://www.uniqlo.com/us/en/products/E481118-000,https://image.uniqlo.com/UQ/ST3/us/imagesgoods/481118/sub/usgoods_481118_sub7_3x4.jpg?width=400,https://image.uniqlo.com/UQ/ST3/WesternCommon/imagesgoods/481118/sub/goods_481118_sub14_3x4.jpg?width=400,481118
E474438-000,Slayer: Kimetsu no Yaiba UT Graphic T-Shirt | Tanjiro and Nezuko,14.9,men,tops,https://www.uniqlo.com/us/en/products/E474438-000,https://image.uniqlo.com/UQ/ST3/us/imagesgoods/474438/sub/usgoods_474438_sub7_3x4.jpg?width=400,https://image.uniqlo.com/UQ/ST3/WesternCommon/imagesgoods/474438/sub/goods_474438_sub14_3x4.jpg?width=400,474438
E485080-000,Chainsaw Man UT Graphic T-Shirt | Reze Arc,14.9,men,tops,https://www.uniqlo.com/us/en/products/E485080-000,https://image.uniqlo.com/UQ/ST3/us/imagesgoods/485080/sub/usgoods_485080_sub7_3x4.jpg?width=400,https://image.uniqlo.com/UQ/ST3/WesternCommon/imagesgoods/485080/sub/goods_485080_sub14_3x4.jpg?width=400,485080
E474439-000,Chainsaw Man UT Graphic T-Shirt | Denji,14.9,men,tops,https://www.uniqlo.com/us/en/products/E474439-000,https://image.uniqlo.com/UQ/ST3/us/imagesgoods/474439/sub/usgoods_474439_sub7_3x4.jpg?width=400,https://image.uniqlo.com/UQ/ST3/WesternCommon/imagesgoods/474439/sub/goods_474439_sub14_3x4.jpg?width=400,474439
E480696-000,PIECE UT Graphic T-Shirt | S-Clones,14.9,men,tops,https://www.uniqlo.com/us/en/products/E480696-000,https://image.uniqlo.com/UQ/ST3/us/imagesgoods/480696/sub/usgoods_480696_sub7_3x4.jpg?width=400,https://image.uniqlo.com/UQ/ST3/WesternCommon/imagesgoods/480696/sub/goods_480696_sub14_3x4.jpg?width=400,480696
E478827-000,PIECE UT Graphic T-Shirt | Kuma and Bonney,14.9,men,tops,https://www.uniqlo.com/us/en/products/E478827-000,https://image.uniqlo.com/UQ/ST3/us/imagesgoods/478827/sub/usgoods_478827_sub7_3x4.jpg?width=400,https://image.uniqlo.com/UQ/ST3/WesternCommon/imagesgoods/478827/sub/goods_478827_sub14_3x4.jpg?width=400,478827
E480698-000,PIECE UT Graphic T-Shirt | The New Four Emperors,14.9,men,tops,https://www.uniqlo.com/us/en/products/E480698-000,https://image.uniqlo.com/UQ/ST3/us/imagesgoods/480698/sub/usgoods_480698_sub7_3x4.jpg?width=400,https://image.uniqlo.com/UQ/ST3/WesternCommon/imagesgoods/480698/sub/goods_480698_sub14_3x4.jpg?width=400,480698
E480697-000,PIECE UT Graphic T-Shirt | Lucci and Zorro,14.9,men,tops,https://www.uniqlo.com/us/en/products/E480697-000,https://image.uniqlo.com/UQ/ST3/us/imagesgoods/480697/sub/usgoods_480697_sub7_3x4.jpg?width=400,https://image.uniqlo.com/UQ/ST3/WesternCommon/imagesgoods/480697/sub/goods_480697_sub14_3x4.jpg?width=400,480697
E478913-000,Da Dan UT Graphic T-Shirt,14.9,unisex,tops,https://www.uniqlo.com/us/en/products/E478913-000,https://image.uniqlo.com/UQ/ST3/us/imagesgoods/478913/sub/usgoods_478913_sub7_3x4.jpg?width=400,https://image.uniqlo.com/UQ/ST3/WesternCommon/imagesgoods/478913/sub/goods_478913_sub14_3x4.jpg?width=400,478913
E474432-000,Da Dan UT Graphic T-Shirt,14.9,unisex,tops,https://www.uniqlo.com/us/en/products/E474432-000,https://image.uniqlo.com/UQ/ST3/us/imagesgoods/474432/sub/usgoods_474432_sub7_3x4.jpg?width=400,https://image.uniqlo.com/UQ/ST3/WesternCommon/imagesgoods/474432/sub/goods_474432_sub14_3x4.jpg?width=400,474432
E484291-000,Da Dan UT Graphic T-Shirt,14.9,unisex,tops,https://www.uniqlo.com/us/en/products/E484291-000,https://image.uniqlo.com/UQ/ST3/us/imagesgoods/484291/sub/usgoods_484291_sub7_3x4.jpg?width=400,https://image.uniqlo.com/UQ/ST3/WesternCommon/imagesgoods/484291/sub/goods_484291_sub14_3x4.jpg?width=400,484291
E483932-000,Da Dan UT Graphic T-Shirt,14.9,unisex,tops,https://www.uniqlo.com/us/en/products/E483932-000,https://image.uniqlo.com/UQ/ST3/us/imagesgoods/483932/sub/usgoods_483932_sub7_3x4.jpg?width=400,https://image.uniqlo.com/UQ/ST3/WesternCommon/imagesgoods/483932/sub/goods_483932_sub14_3x4.jpg?width=400,483932
E483933-000,curation UT Graphic T-Shirt | BERSERK,14.9,unisex,tops,https://www.uniqlo.com/us/en/products/E483933-000,https://image.uniqlo.com/UQ/ST3/us/imagesgoods/483933/sub/usgoods_483933_sub7_3x4.jpg?width=400,https://image.uniqlo.com/UQ/ST3/WesternCommon/imagesgoods/483933/sub/goods_483933_sub14_3x4.jpg?width=400,483933
E484292-000,curation UT Graphic T-Shirt | BERSERK,14.9,unisex,tops,https://www.uniqlo.com/us/en/products/E484292-000,https://image.uniqlo.com/UQ/ST3/us/imagesgoods/484292/sub/usgoods_484292_sub7_3x4.jpg?width=400,https://image.uniqlo.com/UQ/ST3/WesternCommon/imagesgoods/484292/sub/goods_484292_sub14_3x4.jpg?width=400,484292
E474902-000,curation UT Graphic T-Shirt | Berserk,14.9,unisex,tops,https://www.uniqlo.com/us/en/products/E474902-000,https://image.uniqlo.com/UQ/ST3/us/imagesgoods/474902/sub/usgoods_474902_sub7_3x4.jpg?width=400,https://image.uniqlo.com/UQ/ST3/WesternCommon/imagesgoods/474902/sub/goods_474902_sub14_3x4.jpg?width=400,474902
E479030-000,curation UT Graphic T-Shirt | Berserk,14.9,unisex,tops,https://www.uniqlo.com/us/en/products/E479030-000,https://image.uniqlo.com/UQ/ST3/us/imagesgoods/479030/sub/usgoods_479030_sub7_3x4.jpg?width=400,https://image.uniqlo.com/UQ/ST3/WesternCommon/imagesgoods/479030/sub/goods_479030_sub14_3x4.jpg?width=400,479030
E485290-000,ARCHIVE MoMA Collection Sweatshirt,39.9,men,tops,https://www.uniqlo.com/us/en/products/E485290-000,https://image.uniqlo.com/UQ/ST3/us/imagesgoods/485290/sub/usgoods_485290_sub7_3x4.jpg?width=400,https://image.uniqlo.com/UQ/ST3/WesternCommon/imagesgoods/485290/sub/goods_485290_sub14_3x4.jpg?width=400,485290
E485278-000,ARCHIVE MoMA Collection Graphic T-Shirt,39.9,men,tops,https://www.uniqlo.com/us/en/products/E485278-000,https://image.uniqlo.com/UQ/ST3/us/imagesgoods/485278/sub/usgoods_485278_sub7_3x4.jpg?width=400,https://image.uniqlo.com/UQ/ST3/WesternCommon/imagesgoods/485278/sub/goods_485278_sub14_3x4.jpg?width=400,485278
E485277-000,ARCHIVE MoMA Collection Graphic T-Shirt,39.9,men,tops,https://www.uniqlo.com/us/en/products/E485277-000,https://image.uniqlo.com/UQ/ST3/us/imagesgoods/485277/sub/usgoods_485277_sub7_3x4.jpg?width=400,https://image.uniqlo.com/UQ/ST3/WesternCommon/imagesgoods/485277/sub/goods_485277_sub14_3x4.jpg?width=400,485277
E485275-000,ARCHIVE MoMA Collection Graphic T-Shirt,39.9,men,tops,https://www.uniqlo.com/us/en/products/E485275-000,https://image.uniqlo.com/UQ/ST3/us/imagesgoods/485275/sub/usgoods_485275_sub7_3x4.jpg?width=400,https://image.uniqlo.com/UQ/ST3/WesternCommon/imagesgoods/485275/sub/goods_485275_sub14_3x4.jpg?width=400,485275
E485276-000,ARCHIVE MoMA Collection Graphic T-Shirt,39.9,men,tops,https://www.uniqlo.com/us/en/products/E485276-000,https://image.uniqlo.com/UQ/ST3/us/imagesgoods/485276/sub/usgoods_485276_sub7_3x4.jpg?width=400,https://image.uniqlo.com/UQ/ST3/WesternCommon/imagesgoods/485276/sub/goods_485276_sub14_3x4.jpg?width=400,485276
E485289-000,ARCHIVE MoMA Collection Sweatshirt,39.9,men,tops,https://www.uniqlo.com/us/en/products/E485289-000,https://image.uniqlo.com/UQ/ST3/us/imagesgoods/485289/sub/usgoods_485289_sub7_3x4.jpg?width=400,https://image.uniqlo.com/UQ/ST3/WesternCommon/imagesgoods/485289/sub/goods_485289_sub14_3x4.jpg?width=400,485289
E479779-000,Pokemon Sweatshirt | Mewtwo,39.9,men,tops,https://www.uniqlo.com/us/en/products/E479779-000,https://image.uniqlo.com/UQ/ST3/us/imagesgoods/479779/sub/usgoods_479779_sub7_3x4.jpg?width=400,https://image.uniqlo.com/UQ/ST3/WesternCommon/imagesgoods/479779/sub/goods_479779_sub14_3x4.jpg?width=400,479779
E480860-000,Pokemon UT Graphic T-Shirt | Gardevoir,39.9,men,tops,https://www.uniqlo.com/us/en/products/E480860-000,https://image.uniqlo.com/UQ/ST3/us/imagesgoods/480860/sub/usgoods_480860_sub7_3x4.jpg?width=400,https://image.uniqlo.com/UQ/ST3/WesternCommon/imagesgoods/480860/sub/goods_480860_sub14_3x4.jpg?width=400,480860
E480857-000,Pokemon UT Graphic T-Shirt | Omanyte,39.9,men,tops,https://www.uniqlo.com/us/en/products/E480857-000,https://image.uniqlo.com/UQ/ST3/us/imagesgoods/480857/sub/usgoods_480857_sub7_3x4.jpg?width=400,https://image.uniqlo.com/UQ/ST3/WesternCommon/imagesgoods/480857/sub/goods_480857_sub14_3x4.jpg?width=400,480857
E480859-000,Pokemon UT Graphic T-Shirt | Magikarp,39.9,men,tops,https://www.uniqlo.com/us/en/products/E480859-000,https://image.uniqlo.com/UQ/ST3/us/imagesgoods/480859/sub/usgoods_480859_sub7_3x4.jpg?width=400,https://image.uniqlo.com/UQ/ST3/WesternCommon/imagesgoods/480859/sub/goods_480859_sub14_3x4.jpg?width=400,480859
E480856-000,GHIBLI Sweatshirt | Spirited Away,39.9,unisex,tops,https://www.uniqlo.com/us/en/products/E480856-000,https://image.uniqlo.com/UQ/ST3/us/imagesgoods/480856/sub/usgoods_480856_sub7_3x4.jpg?width=400,https://image.uniqlo.com/UQ/ST3/WesternCommon/imagesgoods/480856/sub/goods_480856_sub14_3x4.jpg?width=400,480856
E480848-000,GHIBLI UT Graphic T-Shirt | My Neighbor Totoro,39.9,unisex,tops,https://www.uniqlo.com/us/en/products/E480848-000,https://image.uniqlo.com/UQ/ST3/us/imagesgoods/480848/sub/usgoods_480848_sub7_3x4.jpg?width=400,https://image.uniqlo.com/UQ/ST3/WesternCommon/imagesgoods/480848/sub/goods_480848_sub14_3x4.jpg?width=400,480848
E480346-000,GHIBLI Sweatshirt | The Boy and the Heron,39.9,unisex,tops,https://www.uniqlo.com/us/en/products/E480346-000,https://image.uniqlo.com/UQ/ST3/us/imagesgoods/480346/sub/usgoods_480346_sub7_3x4.jpg?width=400,https://image.uniqlo.com/UQ/ST3/WesternCommon/imagesgoods/480346/sub/goods_480346_sub14_3x4.jpg?width=400,480346
E480849-000,GHIBLI UT Graphic T-Shirt | HowlÃ¢Â€Â™s Moving Castle,39.9,unisex,tops,https://www.uniqlo.com/us/en/products/E480849-000,https://image.uniqlo.com/UQ/ST3/us/imagesgoods/480849/sub/usgoods_480849_sub7_3x4.jpg?width=400,https://image.uniqlo.com/UQ/ST3/WesternCommon/imagesgoods/480849/sub/goods_480849_sub14_3x4.jpg?width=400,480849
E474462-000,GHIBLI UT Graphic T-Shirt | The Boy and the Heron,39.9,unisex,tops,https://www.uniqlo.com/us/en/products/E474462-000,https://image.uniqlo.com/UQ/ST3/us/imagesgoods/474462/sub/usgoods_474462_sub7_3x4.jpg?width=400,https://image.uniqlo.com/UQ/ST3/WesternCommon/imagesgoods/474462/sub/goods_474462_sub14_3x4.jpg?width=400,474462
E480850-000,GHIBLI UT Graphic T-Shirt | The Tale of The Princess Kaguya,39.9,unisex,tops,https://www.uniqlo.com/us/en/products/E480850-000,https://image.uniqlo.com/UQ/ST3/us/imagesgoods/480850/sub/usgoods_480850_sub7_3x4.jpg?width=400,https://image.uniqlo.com/UQ/ST3/WesternCommon/imagesgoods/480850/sub/goods_480850_sub14_3x4.jpg?width=400,480850
E480853-000,GHIBLI Sweatshirt | My Neighbor Totoro,39.9,unisex,tops,https://www.uniqlo.com/us/en/products/E480853-000,https://image.uniqlo.com/UQ/ST3/us/imagesgoods/480853/sub/usgoods_480853_sub7_3x4.jpg?width=400,https://image.uniqlo.com/UQ/ST3/WesternCommon/imagesgoods/480853/sub/goods_480853_sub14_3x4.jpg?width=400,480853
E480851-000,GHIBLI UT Graphic T-Shirt | Pom Poko,39.9,unisex,tops,https://www.uniqlo.com/us/en/products/E480851-000,https://image.uniqlo.com/UQ/ST3/us/imagesgoods/480851/sub/usgoods_480851_sub7_3x4.jpg?width=400,https://image.uniqlo.com/UQ/ST3/WesternCommon/imagesgoods/480851/sub/goods_480851_sub14_3x4.jpg?width=400,480851
E480852-000,GHIBLI UT Graphic T-Shirt,39.9,unisex,tops,https://www.uniqlo.com/us/en/products/E480852-000,https://image.uniqlo.com/UQ/ST3/us/imagesgoods/480852/sub/usgoods_480852_sub7_3x4.jpg?width=400,https://image.uniqlo.com/UQ/ST3/WesternCommon/imagesgoods/480852/sub/goods_480852_sub14_3x4.jpg?width=400,480852
E481328-000,Art UT Graphic T-Shirt | Sorcerer Mickey Mouse,39.9,men,tops,https://www.uniqlo.com/us/en/products/E481328-000,https://image.uniqlo.com/UQ/ST3/us/imagesgoods/481328/sub/usgoods_481328_sub7_3x4.jpg?width=400,https://image.uniqlo.com/UQ/ST3/WesternCommon/imagesgoods/481328/sub/goods_481328_sub14_3x4.jpg?width=400,481328
E481334-000,Art UT Graphic T-Shirt | Mickey Mouse,39.9,men,tops,https://www.uniqlo.com/us/en/products/E481334-000,https://image.uniqlo.com/UQ/ST3/us/imagesgoods/481334/sub/usgoods_481334_sub7_3x4.jpg?width=400,https://image.uniqlo.com/UQ/ST3/WesternCommon/imagesgoods/481334/sub/goods_481334_sub14_3x4.jpg?width=400,481334
E481331-000,Art UT Graphic T-Shirt | Donald Duck,39.9,men,tops,https://www.uniqlo.com/us/en/products/E481331-000,https://image.uniqlo.com/UQ/ST3/us/imagesgoods/481331/sub/usgoods_481331_sub7_3x4.jpg?width=400,https://image.uniqlo.com/UQ/ST3/WesternCommon/imagesgoods/481331/sub/goods_481331_sub14_3x4.jpg?width=400,481331
E481327-000,Art UT Graphic T-Shirt,39.9,men,tops,https://www.uniqlo.com/us/en/products/E481327-000,https://image.uniqlo.com/UQ/ST3/us/imagesgoods/481327/sub/usgoods_481327_sub7_3x4.jpg?width=400,https://image.uniqlo.com/UQ/ST3/WesternCommon/imagesgoods/481327/sub/goods_481327_sub14_3x4.jpg?width=400,481327
E481330-000,Art UT Graphic T-Shirt | Mickey Mouse,39.9,men,tops,https://www.uniqlo.com/us/en/products/E481330-000,https://image.uniqlo.com/UQ/ST3/us/imagesgoods/481330/sub/usgoods_481330_sub7_3x4.jpg?width=400,https://image.uniqlo.com/UQ/ST3/WesternCommon/imagesgoods/481330/sub/goods_481330_sub14_3x4.jpg?width=400,481330
E481333-000,Art UT Graphic T-Shirt | Steamboat Willie,39.9,men,tops,https://www.uniqlo.com/us/en/products/E481333-000,https://image.uniqlo.com/UQ/ST3/us/imagesgoods/481333/sub/usgoods_481333_sub7_3x4.jpg?width=400,https://image.uniqlo.com/UQ/ST3/WesternCommon/imagesgoods/481333/sub/goods_481333_sub14_3x4.jpg?width=400,481333
E485079-000,Chainsaw Man UT Graphic T-Shirt | Pochita,39.9,men,tops,https://www.uniqlo.com/us/en/products/E485079-000,https://image.uniqlo.com/UQ/ST3/us/imagesgoods/485079/sub/usgoods_485079_sub7_3x4.jpg?width=400,https://image.uniqlo.com/UQ/ST3/WesternCommon/imagesgoods/485079/sub/goods_485079_sub14_3x4.jpg?width=400,485079
E481430-000,Protection Cap | Jean-Michel Basquiat,39.9,unisex,tops,https://www.uniqlo.com/us/en/products/E481430-000,https://image.uniqlo.com/UQ/ST3/us/imagesgoods/481430/sub/usgoods_481430_sub7_3x4.jpg?width=400,https://image.uniqlo.com/UQ/ST3/WesternCommon/imagesgoods/481430/sub/goods_481430_sub14_3x4.jpg?width=400,481430
E481430-001,Protection Cap | Jean-Michel Basquiat,39.9,unisex,tops,https://www.uniqlo.com/us/en/products/E481430-001,https://image.uniqlo.com/UQ/ST3/us/imagesgoods/481430/sub/usgoods_481430_sub7_3x4.jpg?width=400,https://image.uniqlo.com/UQ/ST3/WesternCommon/imagesgoods/481430/sub/goods_481430_sub14_3x4.jpg?width=400,481430
E481670-000,"Brands Nostalgia, Modern Twist UT Graphic T-Shirt | Wendys",39.9,men,tops,https://www.uniqlo.com/us/en/products/E481670-000,https://image.uniqlo.com/UQ/ST3/us/imagesgoods/481670/sub/usgoods_481670_sub7_3x4.jpg?width=400,https://image.uniqlo.com/UQ/ST3/WesternCommon/imagesgoods/481670/sub/goods_481670_sub14_3x4.jpg?width=400,481670
E479714-000,Sweatshirt,39.9,men,tops,https://www.uniqlo.com/us/en/products/E479714-000,https://image.uniqlo.com/UQ/ST3/us/imagesgoods/479714/sub/usgoods_479714_sub7_3x4.jpg?width=400,https://image.uniqlo.com/UQ/ST3/WesternCommon/imagesgoods/479714/sub/goods_479714_sub14_3x4.jpg?width=400,479714
E481057-000,Sweatshirt,39.9,men,tops,https://www.uniqlo.com/us/en/products/E481057-000,https://image.uniqlo.com/UQ/ST3/us/imagesgoods/481057/sub/usgoods_481057_sub7_3x4.jpg?width=400,https://image.uniqlo.com/UQ/ST3/WesternCommon/imagesgoods/481057/sub/goods_481057_sub14_3x4.jpg?width=400,481057
E481055-000,Sweatshirt,39.9,men,tops,https://www.uniqlo.com/us/en/products/E481055-000,https://image.uniqlo.com/UQ/ST3/us/imagesgoods/481055/sub/usgoods_481055_sub7_3x4.jpg?width=400,https://image.uniqlo.com/UQ/ST3/WesternCommon/imagesgoods/481055/sub/goods_481055_sub14_3x4.jpg?width=400,481055
E481056-000,Sweatshirt,19.9,men,tops,https://www.uniqlo.com/us/en/products/E481056-000,https://image.uniqlo.com/UQ/ST3/us/imagesgoods/481056/sub/usgoods_481056_sub7_3x4.jpg?width=400,https://image.uniqlo.com/UQ/ST3/WesternCommon/imagesgoods/481056/sub/goods_481056_sub14_3x4.jpg?width=400,481056
E481058-000,Sweatshirt,19.9,men,tops,https://www.uniqlo.com/us/en/products/E481058-000,https://image.uniqlo.com/UQ/ST3/us/imagesgoods/481058/sub/usgoods_481058_sub7_3x4.jpg?width=400,https://image.uniqlo.com/UQ/ST3/WesternCommon/imagesgoods/481058/sub/goods_481058_sub14_3x4.jpg?width=400,481058
E481436-000,Straight Stretch Jeans,19.9,men,bottoms,https://www.uniqlo.com/us/en/products/E481436-000,https://image.uniqlo.com/UQ/ST3/us/imagesgoods/481436/sub/usgoods_481436_sub7_3x4.jpg?width=400,https://image.uniqlo.com/UQ/ST3/WesternCommon/imagesgoods/481436/sub/goods_481436_sub14_3x4.jpg?width=400,481436
E479821-000,Straight Pants | Denim,19.9,men,bottoms,https://www.uniqlo.com/us/en/products/E479821-000,https://image.uniqlo.com/UQ/ST3/us/imagesgoods/479821/sub/usgoods_479821_sub7_3x4.jpg?width=400,https://image.uniqlo.com/UQ/ST3/WesternCommon/imagesgoods/479821/sub/goods_479821_sub14_3x4.jpg?width=400,479821
E473319-000,Straight Jeans | Tall,19.9,men,bottoms,https://www.uniqlo.com/us/en/products/E473319-000,https://image.uniqlo.com/UQ/ST3/us/imagesgoods/473319/sub/usgoods_473319_sub7_3x4.jpg?width=400,https://image.uniqlo.com/UQ/ST3/WesternCommon/imagesgoods/473319/sub/goods_473319_sub14_3x4.jpg?width=400,473319
E461420-000,Easy Ankle Pants | Denim,19.9,unisex,bottoms,https://www.uniqlo.com/us/en/products/E461420-000,https://image.uniqlo.com/UQ/ST3/us/imagesgoods/461420/sub/usgoods_461420_sub7_3x4.jpg?width=400,https://image.uniqlo.com/UQ/ST3/WesternCommon/imagesgoods/461420/sub/goods_461420_sub14_3x4.jpg?width=400,461420
E481255-000,Ankle Jeans,19.9,men,bottoms,https://www.uniqlo.com/us/en/products/E481255-000,https://image.uniqlo.com/UQ/ST3/us/imagesgoods/481255/sub/usgoods_481255_sub7_3x4.jpg?width=400,https://image.uniqlo.com/UQ/ST3/WesternCommon/imagesgoods/481255/sub/goods_481255_sub14_3x4.jpg?width=400,481255
E470542-000,Straight Jeans,19.9,men,bottoms,https://www.uniqlo.com/us/en/products/E470542-000,https://image.uniqlo.com/UQ/ST3/us/imagesgoods/470542/sub/usgoods_470542_sub7_3x4.jpg?width=400,https://image.uniqlo.com/UQ/ST3/WesternCommon/imagesgoods/470542/sub/goods_470542_sub14_3x4.jpg?width=400,470542
E463970-000,Ankle Jeans,19.9,unisex,bottoms,https://www.uniqlo.com/us/en/products/E463970-000,https://image.uniqlo.com/UQ/ST3/us/imagesgoods/463970/sub/usgoods_463970_sub7_3x4.jpg?width=400,https://image.uniqlo.com/UQ/ST3/WesternCommon/imagesgoods/463970/sub/goods_463970_sub14_3x4.jpg?width=400,463970
E418910-000,Selvedge Slim Jeans,19.9,men,bottoms,https://www.uniqlo.com/us/en/products/E418910-000,https://image.uniqlo.com/UQ/ST3/us/imagesgoods/418910/sub/usgoods_418910_sub7_3x4.jpg?width=400,https://image.uniqlo.com/UQ/ST3/WesternCommon/imagesgoods/418910/sub/goods_418910_sub14_3x4.jpg?width=400,418910
E455476-000,Ultra Stretch Jeans,19.9,unisex,bottoms,https://www.uniqlo.com/us/en/products/E455476-000,https://image.uniqlo.com/UQ/ST3/us/imagesgoods/455476/sub/usgoods_455476_sub7_3x4.jpg?width=400,https://image.uniqlo.com/UQ/ST3/WesternCommon/imagesgoods/455476/sub/goods_455476_sub14_3x4.jpg?width=400,455476
E459688-000,Jeans,19.9,men,bottoms,https://www.uniqlo.com/us/en/products/E459688-000,https://image.uniqlo.com/UQ/ST3/us/imagesgoods/459688/sub/usgoods_459688_sub7_3x4.jpg?width=400,https://image.uniqlo.com/UQ/ST3/WesternCommon/imagesgoods/459688/sub/goods_459688_sub14_3x4.jpg?width=400,459688
E479816-000,Jeans,19.9,men,bottoms,https://www.uniqlo.com/us/en/products/E479816-000,https://image.uniqlo.com/UQ/ST3/us/imagesgoods/479816/sub/usgoods_479816_sub7_3x4.jpg?width=400,https://image.uniqlo.com/UQ/ST3/WesternCommon/imagesgoods/479816/sub/goods_479816_sub14_3x4.jpg?width=400,479816
E462197-000,Wide Pants,19.9,men,bottoms,https://www.uniqlo.com/us/en/products/E462197-000,https://image.uniqlo.com/UQ/ST3/us/imagesgoods/462197/sub/usgoods_462197_sub7_3x4.jpg?width=400,https://image.uniqlo.com/UQ/ST3/WesternCommon/imagesgoods/462197/sub/goods_462197_sub14_3x4.jpg?width=400,462197
E481493-000,Wide Pants | Tweed Patterned,19.9,men,bottoms,https://www.uniqlo.com/us/en/products/E481493-000,https://image.uniqlo.com/UQ/ST3/us/imagesgoods/481493/sub/usgoods_481493_sub7_3x4.jpg?width=400,https://image.uniqlo.com/UQ/ST3/WesternCommon/imagesgoods/481493/sub/goods_481493_sub14_3x4.jpg?width=400,481493
E481098-000,Wide Pants | Herringbone,19.9,men,bottoms,https://www.uniqlo.com/us/en/products/E481098-000,https://image.uniqlo.com/UQ/ST3/us/imagesgoods/481098/sub/usgoods_481098_sub7_3x4.jpg?width=400,https://image.uniqlo.com/UQ/ST3/WesternCommon/imagesgoods/481098/sub/goods_481098_sub14_3x4.jpg?width=400,481098
E479369-000,Wide Pants | Brushed Twill,19.9,men,bottoms,https://www.uniqlo.com/us/en/products/E479369-000,https://image.uniqlo.com/UQ/ST3/us/imagesgoods/479369/sub/usgoods_479369_sub7_3x4.jpg?width=400,https://image.uniqlo.com/UQ/ST3/WesternCommon/imagesgoods/479369/sub/goods_479369_sub14_3x4.jpg?width=400,479369
E479822-000,Utility Pants,19.9,unisex,bottoms,https://www.uniqlo.com/us/en/products/E479822-000,https://image.uniqlo.com/UQ/ST3/us/imagesgoods/479822/sub/usgoods_479822_sub7_3x4.jpg?width=400,https://image.uniqlo.com/UQ/ST3/WesternCommon/imagesgoods/479822/sub/goods_479822_sub14_3x4.jpg?width=400,479822
E479817-000,Work Pants,19.9,men,bottoms,https://www.uniqlo.com/us/en/products/E479817-000,https://image.uniqlo.com/UQ/ST3/us/imagesgoods/479817/sub/usgoods_479817_sub7_3x4.jpg?width=400,https://image.uniqlo.com/UQ/ST3/WesternCommon/imagesgoods/479817/sub/goods_479817_sub14_3x4.jpg?width=400,479817
E479383-000,Pants,19.9,unisex,bottoms,https://www.uniqlo.com/us/en/products/E479383-000,https://image.uniqlo.com/UQ/ST3/us/imagesgoods/479383/sub/usgoods_479383_sub7_3x4.jpg?width=400,https://image.uniqlo.com/UQ/ST3/WesternCommon/imagesgoods/479383/sub/goods_479383_sub14_3x4.jpg?width=400,479383
E479819-000,Wide Tapered Pants,19.9,men,bottoms,https://www.uniqlo.com/us/en/products/E479819-000,https://image.uniqlo.com/UQ/ST3/us/imagesgoods/479819/sub/usgoods_479819_sub7_3x4.jpg?width=400,https://image.uniqlo.com/UQ/ST3/WesternCommon/imagesgoods/479819/sub/goods_479819_sub14_3x4.jpg?width=400,479819
E479847-000,Wide Sweatpants,19.9,unisex,bottoms,https://www.uniqlo.com/us/en/products/E479847-000,https://image.uniqlo.com/UQ/ST3/us/imagesgoods/479847/sub/usgoods_479847_sub7_3x4.jpg?width=400,https://image.uniqlo.com/UQ/ST3/WesternCommon/imagesgoods/479847/sub/goods_479847_sub14_3x4.jpg?width=400,479847
E482884-000,Chino Pants,19.9,men,bottoms,https://www.uniqlo.com/us/en/products/E482884-000,https://image.uniqlo.com/UQ/ST3/us/imagesgoods/482884/sub/usgoods_482884_sub7_3x4.jpg?width=400,https://image.uniqlo.com/UQ/ST3/WesternCommon/imagesgoods/482884/sub/goods_482884_sub14_3x4.jpg?width=400,482884
E487636-000,Chino Pants,19.9,men,bottoms,https://www.uniqlo.com/us/en/products/E487636-000,https://image.uniqlo.com/UQ/ST3/us/imagesgoods/487636/sub/usgoods_487636_sub7_3x4.jpg?width=400,https://image.uniqlo.com/UQ/ST3/WesternCommon/imagesgoods/487636/sub/goods_487636_sub14_3x4.jpg?width=400,487636
E479823-000,Straight Pants,19.9,men,bottoms,https://www.uniqlo.com/us/en/products/E479823-000,https://image.uniqlo.com/UQ/ST3/us/imagesgoods/479823/sub/usgoods_479823_sub7_3x4.jpg?width=400,https://image.uniqlo.com/UQ/ST3/WesternCommon/imagesgoods/479823/sub/goods_479823_sub14_3x4.jpg?width=400,479823
E470549-000,Fit Chino Pants,19.9,men,bottoms,https://www.uniqlo.com/us/en/products/E470549-000,https://image.uniqlo.com/UQ/ST3/us/imagesgoods/470549/sub/usgoods_470549_sub7_3x4.jpg?width=400,https://image.uniqlo.com/UQ/ST3/WesternCommon/imagesgoods/470549/sub/goods_470549_sub14_3x4.jpg?width=400,470549
E467769-000,Stretch DRY-EX Tapered Pants,19.9,men,bottoms,https://www.uniqlo.com/us/en/products/E467769-000,https://image.uniqlo.com/UQ/ST3/us/imagesgoods/467769/sub/usgoods_467769_sub7_3x4.jpg?width=400,https://image.uniqlo.com/UQ/ST3/WesternCommon/imagesgoods/467769/sub/goods_467769_sub14_3x4.jpg?width=400,467769
E478487-000,Stretch Pants | Tall,19.9,men,bottoms,https://www.uniqlo.com/us/en/products/E478487-000,https://image.uniqlo.com/UQ/ST3/us/imagesgoods/478487/sub/usgoods_478487_sub7_3x4.jpg?width=400,https://image.uniqlo.com/UQ/ST3/WesternCommon/imagesgoods/478487/sub/goods_478487_sub14_3x4.jpg?width=400,478487
E475598-000,Stretch Pants,19.9,men,bottoms,https://www.uniqlo.com/us/en/products/E475598-000,https://image.uniqlo.com/UQ/ST3/us/imagesgoods/475598/sub/usgoods_475598_sub7_3x4.jpg?width=400,https://image.uniqlo.com/UQ/ST3/WesternCommon/imagesgoods/475598/sub/goods_475598_sub14_3x4.jpg?width=400,475598
E479424-000,Chino Pants | Relaxed,19.9,men,bottoms,https://www.uniqlo.com/us/en/products/E479424-000,https://image.uniqlo.com/UQ/ST3/us/imagesgoods/479424/sub/usgoods_479424_sub7_3x4.jpg?width=400,https://image.uniqlo.com/UQ/ST3/WesternCommon/imagesgoods/479424/sub/goods_479424_sub14_3x4.jpg?width=400,479424
E450251-000,Chino Pants,19.9,men,bottoms,https://www.uniqlo.com/us/en/products/E450251-000,https://image.uniqlo.com/UQ/ST3/us/imagesgoods/450251/sub/usgoods_450251_sub7_3x4.jpg?width=400,https://image.uniqlo.com/UQ/ST3/WesternCommon/imagesgoods/450251/sub/goods_450251_sub14_3x4.jpg?width=400,450251
E462429-000,Wide Pants | Tall,19.9,men,bottoms,https://www.uniqlo.com/us/en/products/E462429-000,https://image.uniqlo.com/UQ/ST3/us/imagesgoods/462429/sub/usgoods_462429_sub7_3x4.jpg?width=400,https://image.uniqlo.com/UQ/ST3/WesternCommon/imagesgoods/462429/sub/goods_462429_sub14_3x4.jpg?width=400,462429
E478290-000,Pants,19.9,men,bottoms,https://www.uniqlo.com/us/en/products/E478290-000,https://image.uniqlo.com/UQ/ST3/us/imagesgoods/478290/sub/usgoods_478290_sub7_3x4.jpg?width=400,https://image.uniqlo.com/UQ/ST3/WesternCommon/imagesgoods/478290/sub/goods_478290_sub14_3x4.jpg?width=400,478290
E473177-000,Easy Cargo Pants,19.9,unisex,bottoms,https://www.uniqlo.com/us/en/products/E473177-000,https://image.uniqlo.com/UQ/ST3/us/imagesgoods/473177/sub/usgoods_473177_sub7_3x4.jpg?width=400,https://image.uniqlo.com/UQ/ST3/WesternCommon/imagesgoods/473177/sub/goods_473177_sub14_3x4.jpg?width=400,473177
E479382-000,Pants,19.9,men,bottoms,https://www.uniqlo.com/us/en/products/E479382-000,https://image.uniqlo.com/UQ/ST3/us/imagesgoods/479382/sub/usgoods_479382_sub7_3x4.jpg?width=400,https://image.uniqlo.com/UQ/ST3/WesternCommon/imagesgoods/479382/sub/goods_479382_sub14_3x4.jpg?width=400,479382
E463957-000,Pants,19.9,unisex,bottoms,https://www.uniqlo.com/us/en/products/E463957-000,https://image.uniqlo.com/UQ/ST3/us/imagesgoods/463957/sub/usgoods_463957_sub7_3x4.jpg?width=400,https://image.uniqlo.com/UQ/ST3/WesternCommon/imagesgoods/463957/sub/goods_463957_sub14_3x4.jpg?width=400,463957
E465206-000,Stretch Active Jogger Pants,19.9,men,bottoms,https://www.uniqlo.com/us/en/products/E465206-000,https://image.uniqlo.com/UQ/ST3/us/imagesgoods/465206/sub/usgoods_465206_sub7_3x4.jpg?width=400,https://image.uniqlo.com/UQ/ST3/WesternCommon/imagesgoods/465206/sub/goods_465206_sub14_3x4.jpg?width=400,465206
E479134-000,Easy Ankle Pants,49.9,unisex,bottoms,https://www.uniqlo.com/us/en/products/E479134-000,https://image.uniqlo.com/UQ/ST3/us/imagesgoods/479134/sub/usgoods_479134_sub7_3x4.jpg?width=400,https://image.uniqlo.com/UQ/ST3/WesternCommon/imagesgoods/479134/sub/goods_479134_sub14_3x4.jpg?width=400,479134
E479375-000,Lined Pants,49.9,men,bottoms,https://www.uniqlo.com/us/en/products/E479375-000,https://image.uniqlo.com/UQ/ST3/us/imagesgoods/479375/sub/usgoods_479375_sub7_3x4.jpg?width=400,https://image.uniqlo.com/UQ/ST3/WesternCommon/imagesgoods/479375/sub/goods_479375_sub14_3x4.jpg?width=400,479375
E479372-000,Stretch Pants,49.9,men,bottoms,https://www.uniqlo.com/us/en/products/E479372-000,https://image.uniqlo.com/UQ/ST3/us/imagesgoods/479372/sub/usgoods_479372_sub7_3x4.jpg?width=400,https://image.uniqlo.com/UQ/ST3/WesternCommon/imagesgoods/479372/sub/goods_479372_sub14_3x4.jpg?width=400,479372
E479938-000,Easy Ankle Pants | Checked,49.9,men,bottoms,https://www.uniqlo.com/us/en/products/E479938-000,https://image.uniqlo.com/UQ/ST3/us/imagesgoods/479938/sub/usgoods_479938_sub7_3x4.jpg?width=400,https://image.uniqlo.com/UQ/ST3/WesternCommon/imagesgoods/479938/sub/goods_479938_sub14_3x4.jpg?width=400,479938
E479940-000,Easy Ankle Pants | Checked,49.9,men,bottoms,https://www.uniqlo.com/us/en/products/E479940-000,https://image.uniqlo.com/UQ/ST3/us/imagesgoods/479940/sub/usgoods_479940_sub7_3x4.jpg?width=400,https://image.uniqlo.com/UQ/ST3/WesternCommon/imagesgoods/479940/sub/goods_479940_sub14_3x4.jpg?width=400,479940
E479933-000,Fleece Easy Ankle Pants,49.9,men,bottoms,https://www.uniqlo.com/us/en/products/E479933-000,https://image.uniqlo.com/UQ/ST3/us/imagesgoods/479933/sub/usgoods_479933_sub7_3x4.jpg?width=400,https://image.uniqlo.com/UQ/ST3/WesternCommon/imagesgoods/479933/sub/goods_479933_sub14_3x4.jpg?width=400,479933
E479942-000,Easy Ankle Pants | Checked,49.9,men,bottoms,https://www.uniqlo.com/us/en/products/E479942-000,https://image.uniqlo.com/UQ/ST3/us/imagesgoods/479942/sub/usgoods_479942_sub7_3x4.jpg?width=400,https://image.uniqlo.com/UQ/ST3/WesternCommon/imagesgoods/479942/sub/goods_479942_sub14_3x4.jpg?width=400,479942
E479941-000,Easy Ankle Pants | Checked,49.9,men,bottoms,https://www.uniqlo.com/us/en/products/E479941-000,https://image.uniqlo.com/UQ/ST3/us/imagesgoods/479941/sub/usgoods_479941_sub7_3x4.jpg?width=400,https://image.uniqlo.com/UQ/ST3/WesternCommon/imagesgoods/479941/sub/goods_479941_sub14_3x4.jpg?width=400,479941
E477875-000,Sweatpants,49.9,men,bottoms,https://www.uniqlo.com/us/en/products/E477875-000,https://image.uniqlo.com/UQ/ST3/us/imagesgoods/477875/sub/usgoods_477875_sub7_3x4.jpg?width=400,https://image.uniqlo.com/UQ/ST3/WesternCommon/imagesgoods/477875/sub/goods_477875_sub14_3x4.jpg?width=400,477875
E482914-000,Wide Pants | Tall,49.9,men,bottoms,https://www.uniqlo.com/us/en/products/E482914-000,https://image.uniqlo.com/UQ/ST3/us/imagesgoods/482914/sub/usgoods_482914_sub7_3x4.jpg?width=400,https://image.uniqlo.com/UQ/ST3/WesternCommon/imagesgoods/482914/sub/goods_482914_sub14_3x4.jpg?width=400,482914
E485451-000,Sweatpants,49.9,men,bottoms,https://www.uniqlo.com/us/en/products/E485451-000,https://image.uniqlo.com/UQ/ST3/us/imagesgoods/485451/sub/usgoods_485451_sub7_3x4.jpg?width=400,https://image.uniqlo.com/UQ/ST3/WesternCommon/imagesgoods/485451/sub/goods_485451_sub14_3x4.jpg?width=400,485451
E463870-000,"Shorts | 8""",29.9,unisex,bottoms,https://www.uniqlo.com/us/en/products/E463870-000,https://image.uniqlo.com/UQ/ST3/us/imagesgoods/463870/sub/usgoods_463870_sub7_3x4.jpg?width=400,https://image.uniqlo.com/UQ/ST3/WesternCommon/imagesgoods/463870/sub/goods_463870_sub14_3x4.jpg?width=400,463870
E455533-000,"Slim Shorts | 9""",29.9,men,bottoms,https://www.uniqlo.com/us/en/products/E455533-000,https://image.uniqlo.com/UQ/ST3/us/imagesgoods/455533/sub/usgoods_455533_sub7_3x4.jpg?width=400,https://image.uniqlo.com/UQ/ST3/WesternCommon/imagesgoods/455533/sub/goods_455533_sub14_3x4.jpg?width=400,455533
E477577-000,"Shorts | 7""",29.9,men,bottoms,https://www.uniqlo.com/us/en/products/E477577-000,https://image.uniqlo.com/UQ/ST3/us/imagesgoods/477577/sub/usgoods_477577_sub7_3x4.jpg?width=400,https://image.uniqlo.com/UQ/ST3/WesternCommon/imagesgoods/477577/sub/goods_477577_sub14_3x4.jpg?width=400,477577
E458245-000,"Shorts | 7""",29.9,men,bottoms,https://www.uniqlo.com/us/en/products/E458245-000,https://image.uniqlo.com/UQ/ST3/us/imagesgoods/458245/sub/usgoods_458245_sub7_3x4.jpg?width=400,https://image.uniqlo.com/UQ/ST3/WesternCommon/imagesgoods/458245/sub/goods_458245_sub14_3x4.jpg?width=400,458245
E477753-000,"Stretch Active Shorts | 5""",29.9,unisex,bottoms,https://www.uniqlo.com/us/en/products/E477753-000,https://image.uniqlo.com/UQ/ST3/us/imagesgoods/477753/sub/usgoods_477753_sub7_3x4.jpg?width=400,https://image.uniqlo.com/UQ/ST3/WesternCommon/imagesgoods/477753/sub/goods_477753_sub14_3x4.jpg?width=400,477753
E470632-000,"Shorts | 7""",29.9,unisex,bottoms,https://www.uniqlo.com/us/en/products/E470632-000,https://image.uniqlo.com/UQ/ST3/us/imagesgoods/470632/sub/usgoods_470632_sub7_3x4.jpg?width=400,https://image.uniqlo.com/UQ/ST3/WesternCommon/imagesgoods/470632/sub/goods_470632_sub14_3x4.jpg?width=400,470632
E476225-000,"Wide Shorts | 9""",29.9,unisex,bottoms,https://www.uniqlo.com/us/en/products/E476225-000,https://image.uniqlo.com/UQ/ST3/us/imagesgoods/476225/sub/usgoods_476225_sub7_3x4.jpg?width=400,https://image.uniqlo.com/UQ/ST3/WesternCommon/imagesgoods/476225/sub/goods_476225_sub14_3x4.jpg?width=400,476225
E476081-000,Easy Shorts,29.9,unisex,bottoms,https://www.uniqlo.com/us/en/products/E476081-000,https://image.uniqlo.com/UQ/ST3/us/imagesgoods/476081/sub/usgoods_476081_sub7_3x4.jpg?width=400,https://image.uniqlo.com/UQ/ST3/WesternCommon/imagesgoods/476081/sub/goods_476081_sub14_3x4.jpg?width=400,476081
E477660-000,"Blend Easy Shorts | 5""",29.9,men,bottoms,https://www.uniqlo.com/us/en/products/E477660-000,https://image.uniqlo.com/UQ/ST3/us/imagesgoods/477660/sub/usgoods_477660_sub7_3x4.jpg?width=400,https://image.uniqlo.com/UQ/ST3/WesternCommon/imagesgoods/477660/sub/goods_477660_sub14_3x4.jpg?width=400,477660
E458325-000,"Stretch Easy Shorts | Seersucker | 8""",29.9,men,bottoms,https://www.uniqlo.com/us/en/products/E458325-000,https://image.uniqlo.com/UQ/ST3/us/imagesgoods/458325/sub/usgoods_458325_sub7_3x4.jpg?width=400,https://image.uniqlo.com/UQ/ST3/WesternCommon/imagesgoods/458325/sub/goods_458325_sub14_3x4.jpg?width=400,458325
E458325-000,"Stretch Easy Shorts | Seersucker | 8""",29.9,men,bottoms,https://www.uniqlo.com/us/en/products/E458325-000,https://image.uniqlo.com/UQ/ST3/us/imagesgoods/458325/sub/usgoods_458325_sub7_3x4.jpg?width=400,https://image.uniqlo.com/UQ/ST3/WesternCommon/imagesgoods/458325/sub/goods_458325_sub14_3x4.jpg?width=400,458325
E477660-000,"Blend Easy Shorts | 5""",29.9,men,bottoms,https://www.uniqlo.com/us/en/products/E477660-000,https://image.uniqlo.com/UQ/ST3/us/imagesgoods/477660/sub/usgoods_477660_sub7_3x4.jpg?width=400,https://image.uniqlo.com/UQ/ST3/WesternCommon/imagesgoods/477660/sub/goods_477660_sub14_3x4.jpg?width=400,477660
E474127-000,Cotton Easy Shorts,29.9,men,bottoms,https://www.uniqlo.com/us/en/products/E474127-000,https://image.uniqlo.com/UQ/ST3/us/imagesgoods/474127/sub/usgoods_474127_sub7_3x4.jpg?width=400,https://image.uniqlo.com/UQ/ST3/WesternCommon/imagesgoods/474127/sub/goods_474127_sub14_3x4.jpg?width=400,474127
E479939-000,Easy Ankle Pants,39.9,men,bottoms,https://www.uniqlo.com/us/en/products/E479939-000,https://image.uniqlo.com/UQ/ST3/us/imagesgoods/479939/sub/usgoods_479939_sub7_3x4.jpg?width=400,https://image.uniqlo.com/UQ/ST3/WesternCommon/imagesgoods/479939/sub/goods_479939_sub14_3x4.jpg?width=400,479939
E479668-000,Tailored Jacket,99.9,women,outerwear,https://www.uniqlo.com/us/en/products/E479668-000,https://image.uniqlo.com/UQ/ST3/us/imagesgoods/479668/sub/usgoods_479668_sub7_3x4.jpg?width=400,https://image.uniqlo.com/UQ/ST3/WesternCommon/imagesgoods/479668/sub/goods_479668_sub14_3x4.jpg?width=400,479668
E481429-000,Stand Collar Shirt Jacket,99.9,women,outerwear,https://www.uniqlo.com/us/en/products/E481429-000,https://image.uniqlo.com/UQ/ST3/us/imagesgoods/481429/sub/usgoods_481429_sub7_3x4.jpg?width=400,https://image.uniqlo.com/UQ/ST3/WesternCommon/imagesgoods/481429/sub/goods_481429_sub14_3x4.jpg?width=400,481429
E482767-000,Jacket,99.9,unisex,outerwear,https://www.uniqlo.com/us/en/products/E482767-000,https://image.uniqlo.com/UQ/ST3/us/imagesgoods/482767/sub/usgoods_482767_sub7_3x4.jpg?width=400,https://image.uniqlo.com/UQ/ST3/WesternCommon/imagesgoods/482767/sub/goods_482767_sub14_3x4.jpg?width=400,482767
E478580-000,Jacket,99.9,women,outerwear,https://www.uniqlo.com/us/en/products/E478580-000,https://image.uniqlo.com/UQ/ST3/us/imagesgoods/478580/sub/usgoods_478580_sub7_3x4.jpg?width=400,https://image.uniqlo.com/UQ/ST3/WesternCommon/imagesgoods/478580/sub/goods_478580_sub14_3x4.jpg?width=400,478580
E479669-000,Breasted Tailored Jacket,99.9,women,outerwear,https://www.uniqlo.com/us/en/products/E479669-000,https://image.uniqlo.com/UQ/ST3/us/imagesgoods/479669/sub/usgoods_479669_sub7_3x4.jpg?width=400,https://image.uniqlo.com/UQ/ST3/WesternCommon/imagesgoods/479669/sub/goods_479669_sub14_3x4.jpg?width=400,479669
E479668-001,Tailored Jacket,99.9,women,outerwear,https://www.uniqlo.com/us/en/products/E479668-001,https://image.uniqlo.com/UQ/ST3/us/imagesgoods/479668/sub/usgoods_479668_sub7_3x4.jpg?width=400,https://image.uniqlo.com/UQ/ST3/WesternCommon/imagesgoods/479668/sub/goods_479668_sub14_3x4.jpg?width=400,479668
E479208-000,Short Jacket,69.9,unisex,outerwear,https://www.uniqlo.com/us/en/products/E479208-000,https://image.uniqlo.com/UQ/ST3/us/imagesgoods/479208/sub/usgoods_479208_sub7_3x4.jpg?width=400,https://image.uniqlo.com/UQ/ST3/WesternCommon/imagesgoods/479208/sub/goods_479208_sub14_3x4.jpg?width=400,479208
E479775-000,Ribbed Knitted Jacket,69.9,women,outerwear,https://www.uniqlo.com/us/en/products/E479775-000,https://image.uniqlo.com/UQ/ST3/us/imagesgoods/479775/sub/usgoods_479775_sub7_3x4.jpg?width=400,https://image.uniqlo.com/UQ/ST3/WesternCommon/imagesgoods/479775/sub/goods_479775_sub14_3x4.jpg?width=400,479775
E474964-000,Soft Jacket,69.9,women,outerwear,https://www.uniqlo.com/us/en/products/E474964-000,https://image.uniqlo.com/UQ/ST3/us/imagesgoods/474964/sub/usgoods_474964_sub7_3x4.jpg?width=400,https://image.uniqlo.com/UQ/ST3/WesternCommon/imagesgoods/474964/sub/goods_474964_sub14_3x4.jpg?width=400,474964
E479196-000,Oversized Blouson | Faux Leather,69.9,women,outerwear,https://www.uniqlo.com/us/en/products/E479196-000,https://image.uniqlo.com/UQ/ST3/us/imagesgoods/479196/sub/usgoods_479196_sub7_3x4.jpg?width=400,https://image.uniqlo.com/UQ/ST3/WesternCommon/imagesgoods/479196/sub/goods_479196_sub14_3x4.jpg?width=400,479196
E479616-000,Lined Fleece Relaxed Cardigan,69.9,unisex,outerwear,https://www.uniqlo.com/us/en/products/E479616-000,https://image.uniqlo.com/UQ/ST3/us/imagesgoods/479616/sub/usgoods_479616_sub7_3x4.jpg?width=400,https://image.uniqlo.com/UQ/ST3/WesternCommon/imagesgoods/479616/sub/goods_479616_sub14_3x4.jpg?width=400,479616
E449753-000,Yarn Fleece Full-Zip Jacket,69.9,women,outerwear,https://www.uniqlo.com/us/en/products/E449753-000,https://image.uniqlo.com/UQ/ST3/us/imagesgoods/449753/sub/usgoods_449753_sub7_3x4.jpg?width=400,https://image.uniqlo.com/UQ/ST3/WesternCommon/imagesgoods/449753/sub/goods_449753_sub14_3x4.jpg?width=400,449753
E480062-000,Short Blouson,69.9,women,outerwear,https://www.uniqlo.com/us/en/products/E480062-000,https://image.uniqlo.com/UQ/ST3/us/imagesgoods/480062/sub/usgoods_480062_sub7_3x4.jpg?width=400,https://image.uniqlo.com/UQ/ST3/WesternCommon/imagesgoods/480062/sub/goods_480062_sub14_3x4.jpg?width=400,480062
E480060-000,Short Jacket | Faux Leather,69.9,women,outerwear,https://www.uniqlo.com/us/en/products/E480060-000,https://image.uniqlo.com/UQ/ST3/us/imagesgoods/480060/sub/usgoods_480060_sub7_3x4.jpg?width=400,https://image.uniqlo.com/UQ/ST3/WesternCommon/imagesgoods/480060/sub/goods_480060_sub14_3x4.jpg?width=400,480060
E480318-000,Long Shirt Jacket,69.9,women,outerwear,https://www.uniqlo.com/us/en/products/E480318-000,https://image.uniqlo.com/UQ/ST3/us/imagesgoods/480318/sub/usgoods_480318_sub7_3x4.jpg?width=400,https://image.uniqlo.com/UQ/ST3/WesternCommon/imagesgoods/480318/sub/goods_480318_sub14_3x4.jpg?width=400,480318
E480278-000,Poncho,69.9,women,outerwear,https://www.uniqlo.com/us/en/products/E480278-000,https://image.uniqlo.com/UQ/ST3/us/imagesgoods/480278/sub/usgoods_480278_sub7_3x4.jpg?width=400,https://image.uniqlo.com/UQ/ST3/WesternCommon/imagesgoods/480278/sub/goods_480278_sub14_3x4.jpg?width=400,480278
E474981-000,Short Jacket,69.9,women,outerwear,https://www.uniqlo.com/us/en/products/E474981-000,https://image.uniqlo.com/UQ/ST3/us/imagesgoods/474981/sub/usgoods_474981_sub7_3x4.jpg?width=400,https://image.uniqlo.com/UQ/ST3/WesternCommon/imagesgoods/474981/sub/goods_474981_sub14_3x4.jpg?width=400,474981
E480100-000,Short Jacket,69.9,women,outerwear,https://www.uniqlo.com/us/en/products/E480100-000,https://image.uniqlo.com/UQ/ST3/us/imagesgoods/480100/sub/usgoods_480100_sub7_3x4.jpg?width=400,https://image.uniqlo.com/UQ/ST3/WesternCommon/imagesgoods/480100/sub/goods_480100_sub14_3x4.jpg?width=400,480100
E475336-000,Stretch AIRism Full-Zip Jacket,69.9,women,outerwear,https://www.uniqlo.com/us/en/products/E475336-000,https://image.uniqlo.com/UQ/ST3/us/imagesgoods/475336/sub/usgoods_475336_sub7_3x4.jpg?width=400,https://image.uniqlo.com/UQ/ST3/WesternCommon/imagesgoods/475336/sub/goods_475336_sub14_3x4.jpg?width=400,475336
E479764-000,Short Jacket,69.9,women,outerwear,https://www.uniqlo.com/us/en/products/E479764-000,https://image.uniqlo.com/UQ/ST3/us/imagesgoods/479764/sub/usgoods_479764_sub7_3x4.jpg?width=400,https://image.uniqlo.com/UQ/ST3/WesternCommon/imagesgoods/479764/sub/goods_479764_sub14_3x4.jpg?width=400,479764
E474175-000,UV Protection Parka,69.9,women,outerwear,https://www.uniqlo.com/us/en/products/E474175-000,https://image.uniqlo.com/UQ/ST3/us/imagesgoods/474175/sub/usgoods_474175_sub7_3x4.jpg?width=400,https://image.uniqlo.com/UQ/ST3/WesternCommon/imagesgoods/474175/sub/goods_474175_sub14_3x4.jpg?width=400,474175
E465470-000,Parka,69.9,women,outerwear,https://www.uniqlo.com/us/en/products/E465470-000,https://image.uniqlo.com/UQ/ST3/us/imagesgoods/465470/sub/usgoods_465470_sub7_3x4.jpg?width=400,https://image.uniqlo.com/UQ/ST3/WesternCommon/imagesgoods/465470/sub/goods_465470_sub14_3x4.jpg?width=400,465470
E478573-000,Vest,69.9,women,outerwear,https://www.uniqlo.com/us/en/products/E478573-000,https://image.uniqlo.com/UQ/ST3/us/imagesgoods/478573/sub/usgoods_478573_sub7_3x4.jpg?width=400,https://image.uniqlo.com/UQ/ST3/WesternCommon/imagesgoods/478573/sub/goods_478573_sub14_3x4.jpg?width=400,478573
E469863-000,Compact Vest,69.9,women,outerwear,https://www.uniqlo.com/us/en/products/E469863-000,https://image.uniqlo.com/UQ/ST3/us/imagesgoods/469863/sub/usgoods_469863_sub7_3x4.jpg?width=400,https://image.uniqlo.com/UQ/ST3/WesternCommon/imagesgoods/469863/sub/goods_469863_sub14_3x4.jpg?width=400,469863
E479210-000,Cropped Vest,69.9,women,outerwear,https://www.uniqlo.com/us/en/products/E479210-000,https://image.uniqlo.com/UQ/ST3/us/imagesgoods/479210/sub/usgoods_479210_sub7_3x4.jpg?width=400,https://image.uniqlo.com/UQ/ST3/WesternCommon/imagesgoods/479210/sub/goods_479210_sub14_3x4.jpg?width=400,479210
E480064-000,Parka,69.9,unisex,outerwear,https://www.uniqlo.com/us/en/products/E480064-000,https://image.uniqlo.com/UQ/ST3/us/imagesgoods/480064/sub/usgoods_480064_sub7_3x4.jpg?width=400,https://image.uniqlo.com/UQ/ST3/WesternCommon/imagesgoods/480064/sub/goods_480064_sub14_3x4.jpg?width=400,480064
E479209-000,Relaxed Long Coat,69.9,women,outerwear,https://www.uniqlo.com/us/en/products/E479209-000,https://image.uniqlo.com/UQ/ST3/us/imagesgoods/479209/sub/usgoods_479209_sub7_3x4.jpg?width=400,https://image.uniqlo.com/UQ/ST3/WesternCommon/imagesgoods/479209/sub/goods_479209_sub14_3x4.jpg?width=400,479209
E478579-000,Down Long Coat,69.9,women,outerwear,https://www.uniqlo.com/us/en/products/E478579-000,https://image.uniqlo.com/UQ/ST3/us/imagesgoods/478579/sub/usgoods_478579_sub7_3x4.jpg?width=400,https://image.uniqlo.com/UQ/ST3/WesternCommon/imagesgoods/478579/sub/goods_478579_sub14_3x4.jpg?width=400,478579
E481014-000,Warm Down Long Coat,69.9,women,outerwear,https://www.uniqlo.com/us/en/products/E481014-000,https://image.uniqlo.com/UQ/ST3/us/imagesgoods/481014/sub/usgoods_481014_sub7_3x4.jpg?width=400,https://image.uniqlo.com/UQ/ST3/WesternCommon/imagesgoods/481014/sub/goods_481014_sub14_3x4.jpg?width=400,481014
E481195-000,Light Down Long Coat,69.9,women,outerwear,https://www.uniqlo.com/us/en/products/E481195-000,https://image.uniqlo.com/UQ/ST3/us/imagesgoods/481195/sub/usgoods_481195_sub7_3x4.jpg?width=400,https://image.uniqlo.com/UQ/ST3/WesternCommon/imagesgoods/481195/sub/goods_481195_sub14_3x4.jpg?width=400,481195
E481137-000,Down Short Coat,69.9,women,outerwear,https://www.uniqlo.com/us/en/products/E481137-000,https://image.uniqlo.com/UQ/ST3/us/imagesgoods/481137/sub/usgoods_481137_sub7_3x4.jpg?width=400,https://image.uniqlo.com/UQ/ST3/WesternCommon/imagesgoods/481137/sub/goods_481137_sub14_3x4.jpg?width=400,481137
E478577-000,Down Parka,69.9,women,outerwear,https://www.uniqlo.com/us/en/products/E478577-000,https://image.uniqlo.com/UQ/ST3/us/imagesgoods/478577/sub/usgoods_478577_sub7_3x4.jpg?width=400,https://image.uniqlo.com/UQ/ST3/WesternCommon/imagesgoods/478577/sub/goods_478577_sub14_3x4.jpg?width=400,478577
E478578-000,Down Short Jacket,69.9,unisex,outerwear,https://www.uniqlo.com/us/en/products/E478578-000,https://image.uniqlo.com/UQ/ST3/us/imagesgoods/478578/sub/usgoods_478578_sub7_3x4.jpg?width=400,https://image.uniqlo.com/UQ/ST3/WesternCommon/imagesgoods/478578/sub/goods_478578_sub14_3x4.jpg?width=400,478578
E478578-001,Down Short Jacket,69.9,unisex,outerwear,https://www.uniqlo.com/us/en/products/E478578-001,https://image.uniqlo.com/UQ/ST3/us/imagesgoods/478578/sub/usgoods_478578_sub7_3x4.jpg?width=400,https://image.uniqlo.com/UQ/ST3/WesternCommon/imagesgoods/478578/sub/goods_478578_sub14_3x4.jpg?width=400,478578
E469869-000,Light Down Jacket,69.9,women,outerwear,https://www.uniqlo.com/us/en/products/E469869-000,https://image.uniqlo.com/UQ/ST3/us/imagesgoods/469869/sub/usgoods_469869_sub7_3x4.jpg?width=400,https://image.uniqlo.com/UQ/ST3/WesternCommon/imagesgoods/469869/sub/goods_469869_sub14_3x4.jpg?width=400,469869
E469871-000,Parka,69.9,women,outerwear,https://www.uniqlo.com/us/en/products/E469871-000,https://image.uniqlo.com/UQ/ST3/us/imagesgoods/469871/sub/usgoods_469871_sub7_3x4.jpg?width=400,https://image.uniqlo.com/UQ/ST3/WesternCommon/imagesgoods/469871/sub/goods_469871_sub14_3x4.jpg?width=400,469871
E479751-000,Jacket,69.9,women,outerwear,https://www.uniqlo.com/us/en/products/E479751-000,https://image.uniqlo.com/UQ/ST3/us/imagesgoods/479751/sub/usgoods_479751_sub7_3x4.jpg?width=400,https://image.uniqlo.com/UQ/ST3/WesternCommon/imagesgoods/479751/sub/goods_479751_sub14_3x4.jpg?width=400,479751
E469862-000,Compact Jacket,69.9,women,outerwear,https://www.uniqlo.com/us/en/products/E469862-000,https://image.uniqlo.com/UQ/ST3/us/imagesgoods/469862/sub/usgoods_469862_sub7_3x4.jpg?width=400,https://image.uniqlo.com/UQ/ST3/WesternCommon/imagesgoods/469862/sub/goods_469862_sub14_3x4.jpg?width=400,469862
E478230-000,Short Blouson,79.9,unisex,outerwear,https://www.uniqlo.com/us/en/products/E478230-000,https://image.uniqlo.com/UQ/ST3/us/imagesgoods/478230/sub/usgoods_478230_sub7_3x4.jpg?width=400,https://image.uniqlo.com/UQ/ST3/WesternCommon/imagesgoods/478230/sub/goods_478230_sub14_3x4.jpg?width=400,478230
E478248-000,Collar Short Blouson,79.9,men,outerwear,https://www.uniqlo.com/us/en/products/E478248-000,https://image.uniqlo.com/UQ/ST3/us/imagesgoods/478248/sub/usgoods_478248_sub7_3x4.jpg?width=400,https://image.uniqlo.com/UQ/ST3/WesternCommon/imagesgoods/478248/sub/goods_478248_sub14_3x4.jpg?width=400,478248
E481240-000,Collar Short Blouson | Checked,79.9,men,outerwear,https://www.uniqlo.com/us/en/products/E481240-000,https://image.uniqlo.com/UQ/ST3/us/imagesgoods/481240/sub/usgoods_481240_sub7_3x4.jpg?width=400,https://image.uniqlo.com/UQ/ST3/WesternCommon/imagesgoods/481240/sub/goods_481240_sub14_3x4.jpg?width=400,481240
E480827-000,Short Blouson | Denim,79.9,unisex,outerwear,https://www.uniqlo.com/us/en/products/E480827-000,https://image.uniqlo.com/UQ/ST3/us/imagesgoods/480827/sub/usgoods_480827_sub7_3x4.jpg?width=400,https://image.uniqlo.com/UQ/ST3/WesternCommon/imagesgoods/480827/sub/goods_480827_sub14_3x4.jpg?width=400,480827
E480411-000,Stretch Active Jacket,79.9,men,outerwear,https://www.uniqlo.com/us/en/products/E480411-000,https://image.uniqlo.com/UQ/ST3/us/imagesgoods/480411/sub/usgoods_480411_sub7_3x4.jpg?width=400,https://image.uniqlo.com/UQ/ST3/WesternCommon/imagesgoods/480411/sub/goods_480411_sub14_3x4.jpg?width=400,480411
E478923-000,Stretch Shirt Jacket,79.9,men,outerwear,https://www.uniqlo.com/us/en/products/E478923-000,https://image.uniqlo.com/UQ/ST3/us/imagesgoods/478923/sub/usgoods_478923_sub7_3x4.jpg?width=400,https://image.uniqlo.com/UQ/ST3/WesternCommon/imagesgoods/478923/sub/goods_478923_sub14_3x4.jpg?width=400,478923
E480295-000,Overshirt,79.9,men,outerwear,https://www.uniqlo.com/us/en/products/E480295-000,https://image.uniqlo.com/UQ/ST3/us/imagesgoods/480295/sub/usgoods_480295_sub7_3x4.jpg?width=400,https://image.uniqlo.com/UQ/ST3/WesternCommon/imagesgoods/480295/sub/goods_480295_sub14_3x4.jpg?width=400,480295
E478249-000,Jacket,79.9,unisex,outerwear,https://www.uniqlo.com/us/en/products/E478249-000,https://image.uniqlo.com/UQ/ST3/us/imagesgoods/478249/sub/usgoods_478249_sub7_3x4.jpg?width=400,https://image.uniqlo.com/UQ/ST3/WesternCommon/imagesgoods/478249/sub/goods_478249_sub14_3x4.jpg?width=400,478249
E479863-000,Fleece Full-Zip Jacket,79.9,unisex,outerwear,https://www.uniqlo.com/us/en/products/E479863-000,https://image.uniqlo.com/UQ/ST3/us/imagesgoods/479863/sub/usgoods_479863_sub7_3x4.jpg?width=400,https://image.uniqlo.com/UQ/ST3/WesternCommon/imagesgoods/479863/sub/goods_479863_sub14_3x4.jpg?width=400,479863
E479411-000,Short Blouson,79.9,unisex,outerwear,https://www.uniqlo.com/us/en/products/E479411-000,https://image.uniqlo.com/UQ/ST3/us/imagesgoods/479411/sub/usgoods_479411_sub7_3x4.jpg?width=400,https://image.uniqlo.com/UQ/ST3/WesternCommon/imagesgoods/479411/sub/goods_479411_sub14_3x4.jpg?width=400,479411
E481347-000,Utility Jacket,79.9,men,outerwear,https://www.uniqlo.com/us/en/products/E481347-000,https://image.uniqlo.com/UQ/ST3/us/imagesgoods/481347/sub/usgoods_481347_sub7_3x4.jpg?width=400,https://image.uniqlo.com/UQ/ST3/WesternCommon/imagesgoods/481347/sub/goods_481347_sub14_3x4.jpg?width=400,481347
E481242-000,Full-Zip Jacket,79.9,unisex,outerwear,https://www.uniqlo.com/us/en/products/E481242-000,https://image.uniqlo.com/UQ/ST3/us/imagesgoods/481242/sub/usgoods_481242_sub7_3x4.jpg?width=400,https://image.uniqlo.com/UQ/ST3/WesternCommon/imagesgoods/481242/sub/goods_481242_sub14_3x4.jpg?width=400,481242
E480967-000,Face Knit Zip-Up Jacket,79.9,unisex,outerwear,https://www.uniqlo.com/us/en/products/E480967-000,https://image.uniqlo.com/UQ/ST3/us/imagesgoods/480967/sub/usgoods_480967_sub7_3x4.jpg?width=400,https://image.uniqlo.com/UQ/ST3/WesternCommon/imagesgoods/480967/sub/goods_480967_sub14_3x4.jpg?width=400,480967
E480920-000,Color Denim Jacket,79.9,unisex,outerwear,https://www.uniqlo.com/us/en/products/E480920-000,https://image.uniqlo.com/UQ/ST3/us/imagesgoods/480920/sub/usgoods_480920_sub7_3x4.jpg?width=400,https://image.uniqlo.com/UQ/ST3/WesternCommon/imagesgoods/480920/sub/goods_480920_sub14_3x4.jpg?width=400,480920
E475681-000,Blouson Jacket,79.9,unisex,outerwear,https://www.uniqlo.com/us/en/products/E475681-000,https://image.uniqlo.com/UQ/ST3/us/imagesgoods/475681/sub/usgoods_475681_sub7_3x4.jpg?width=400,https://image.uniqlo.com/UQ/ST3/WesternCommon/imagesgoods/475681/sub/goods_475681_sub14_3x4.jpg?width=400,475681
E479419-000,Quilted Jacket,79.9,men,outerwear,https://www.uniqlo.com/us/en/products/E479419-000,https://image.uniqlo.com/UQ/ST3/us/imagesgoods/479419/sub/usgoods_479419_sub7_3x4.jpg?width=400,https://image.uniqlo.com/UQ/ST3/WesternCommon/imagesgoods/479419/sub/goods_479419_sub14_3x4.jpg?width=400,479419
E469292-000,UV Protection Parka,79.9,men,outerwear,https://www.uniqlo.com/us/en/products/E469292-000,https://image.uniqlo.com/UQ/ST3/us/imagesgoods/469292/sub/usgoods_469292_sub7_3x4.jpg?width=400,https://image.uniqlo.com/UQ/ST3/WesternCommon/imagesgoods/469292/sub/goods_469292_sub14_3x4.jpg?width=400,469292
E464024-000,Parka | 3D Cut,79.9,men,outerwear,https://www.uniqlo.com/us/en/products/E464024-000,https://image.uniqlo.com/UQ/ST3/us/imagesgoods/464024/sub/usgoods_464024_sub7_3x4.jpg?width=400,https://image.uniqlo.com/UQ/ST3/WesternCommon/imagesgoods/464024/sub/goods_464024_sub14_3x4.jpg?width=400,464024
E464024-000,Parka | 3D Cut,79.9,men,outerwear,https://www.uniqlo.com/us/en/products/E464024-000,https://image.uniqlo.com/UQ/ST3/us/imagesgoods/464024/sub/usgoods_464024_sub7_3x4.jpg?width=400,https://image.uniqlo.com/UQ/ST3/WesternCommon/imagesgoods/464024/sub/goods_464024_sub14_3x4.jpg?width=400,464024
E478231-000,Parka,79.9,men,outerwear,https://www.uniqlo.com/us/en/products/E478231-000,https://image.uniqlo.com/UQ/ST3/us/imagesgoods/478231/sub/usgoods_478231_sub7_3x4.jpg?width=400,https://image.uniqlo.com/UQ/ST3/WesternCommon/imagesgoods/478231/sub/goods_478231_sub14_3x4.jpg?width=400,478231
E478286-000,Parka,79.9,men,outerwear,https://www.uniqlo.com/us/en/products/E478286-000,https://image.uniqlo.com/UQ/ST3/us/imagesgoods/478286/sub/usgoods_478286_sub7_3x4.jpg?width=400,https://image.uniqlo.com/UQ/ST3/WesternCommon/imagesgoods/478286/sub/goods_478286_sub14_3x4.jpg?width=400,478286
E478277-000,Down Parka,79.9,unisex,outerwear,https://www.uniqlo.com/us/en/products/E478277-000,https://image.uniqlo.com/UQ/ST3/us/imagesgoods/478277/sub/usgoods_478277_sub7_3x4.jpg?width=400,https://image.uniqlo.com/UQ/ST3/WesternCommon/imagesgoods/478277/sub/goods_478277_sub14_3x4.jpg?width=400,478277
E481044-000,Parka,79.9,unisex,outerwear,https://www.uniqlo.com/us/en/products/E481044-000,https://image.uniqlo.com/UQ/ST3/us/imagesgoods/481044/sub/usgoods_481044_sub7_3x4.jpg?width=400,https://image.uniqlo.com/UQ/ST3/WesternCommon/imagesgoods/481044/sub/goods_481044_sub14_3x4.jpg?width=400,481044
E479412-000,Utility Parka,79.9,men,outerwear,https://www.uniqlo.com/us/en/products/E479412-000,https://image.uniqlo.com/UQ/ST3/us/imagesgoods/479412/sub/usgoods_479412_sub7_3x4.jpg?width=400,https://image.uniqlo.com/UQ/ST3/WesternCommon/imagesgoods/479412/sub/goods_479412_sub14_3x4.jpg?width=400,479412
E480812-000,Jacket,79.9,unisex,outerwear,https://www.uniqlo.com/us/en/products/E480812-000,https://image.uniqlo.com/UQ/ST3/us/imagesgoods/480812/sub/usgoods_480812_sub7_3x4.jpg?width=400,https://image.uniqlo.com/UQ/ST3/WesternCommon/imagesgoods/480812/sub/goods_480812_sub14_3x4.jpg?width=400,480812
E448034-000,Blazer | Wool-Like,79.9,men,outerwear,https://www.uniqlo.com/us/en/products/E448034-000,https://image.uniqlo.com/UQ/ST3/us/imagesgoods/448034/sub/usgoods_448034_sub7_3x4.jpg?width=400,https://image.uniqlo.com/UQ/ST3/WesternCommon/imagesgoods/448034/sub/goods_448034_sub14_3x4.jpg?width=400,448034
E468671-000,Houndstooth Blazer | Wool Like,79.9,men,outerwear,https://www.uniqlo.com/us/en/products/E468671-000,https://image.uniqlo.com/UQ/ST3/us/imagesgoods/468671/sub/usgoods_468671_sub7_3x4.jpg?width=400,https://image.uniqlo.com/UQ/ST3/WesternCommon/imagesgoods/468671/sub/goods_468671_sub14_3x4.jpg?width=400,468671
E481006-002,Jersey Jacket | Tweed Patterned,79.9,unisex,outerwear,https://www.uniqlo.com/us/en/products/E481006-002,https://image.uniqlo.com/UQ/ST3/us/imagesgoods/481006/sub/usgoods_481006_sub7_3x4.jpg?width=400,https://image.uniqlo.com/UQ/ST3/WesternCommon/imagesgoods/481006/sub/goods_481006_sub14_3x4.jpg?width=400,481006
E481006-000,Jersey Jacket | Herringbone,79.9,unisex,outerwear,https://www.uniqlo.com/us/en/products/E481006-000,https://image.uniqlo.com/UQ/ST3/us/imagesgoods/481006/sub/usgoods_481006_sub7_3x4.jpg?width=400,https://image.uniqlo.com/UQ/ST3/WesternCommon/imagesgoods/481006/sub/goods_481006_sub14_3x4.jpg?width=400,481006
E481006-001,Jersey Jacket | Tweed Patterned,79.9,unisex,outerwear,https://www.uniqlo.com/us/en/products/E481006-001,https://image.uniqlo.com/UQ/ST3/us/imagesgoods/481006/sub/usgoods_481006_sub7_3x4.jpg?width=400,https://image.uniqlo.com/UQ/ST3/WesternCommon/imagesgoods/481006/sub/goods_481006_sub14_3x4.jpg?width=400,481006
E478270-000,Vest,79.9,men,outerwear,https://www.uniqlo.com/us/en/products/E478270-000,https://image.uniqlo.com/UQ/ST3/us/imagesgoods/478270/sub/usgoods_478270_sub7_3x4.jpg?width=400,https://image.uniqlo.com/UQ/ST3/WesternCommon/imagesgoods/478270/sub/goods_478270_sub14_3x4.jpg?width=400,478270
E450195-000,Full-Zip Jacket,79.9,unisex,outerwear,https://www.uniqlo.com/us/en/products/E450195-000,https://image.uniqlo.com/UQ/ST3/us/imagesgoods/450195/sub/usgoods_450195_sub7_3x4.jpg?width=400,https://image.uniqlo.com/UQ/ST3/WesternCommon/imagesgoods/450195/sub/goods_450195_sub14_3x4.jpg?width=400,450195
E469956-000,Full-Zip Jacket | Color Block,79.9,unisex,outerwear,https://www.uniqlo.com/us/en/products/E469956-000,https://image.uniqlo.com/UQ/ST3/us/imagesgoods/469956/sub/usgoods_469956_sub7_3x4.jpg?width=400,https://image.uniqlo.com/UQ/ST3/WesternCommon/imagesgoods/469956/sub/goods_469956_sub14_3x4.jpg?width=400,469956
E480408-000,Jacket,79.9,unisex,outerwear,https://www.uniqlo.com/us/en/products/E480408-000,https://image.uniqlo.com/UQ/ST3/us/imagesgoods/480408/sub/usgoods_480408_sub7_3x4.jpg?width=400,https://image.uniqlo.com/UQ/ST3/WesternCommon/imagesgoods/480408/sub/goods_480408_sub14_3x4.jpg?width=400,480408
E470077-000,Down Parka,79.9,men,outerwear,https://www.uniqlo.com/us/en/products/E470077-000,https://image.uniqlo.com/UQ/ST3/us/imagesgoods/470077/sub/usgoods_470077_sub7_3x4.jpg?width=400,https://image.uniqlo.com/UQ/ST3/WesternCommon/imagesgoods/470077/sub/goods_470077_sub14_3x4.jpg?width=400,470077
E481200-000,Warm Down Coat,79.9,men,outerwear,https://www.uniqlo.com/us/en/products/E481200-000,https://image.uniqlo.com/UQ/ST3/us/imagesgoods/481200/sub/usgoods_481200_sub7_3x4.jpg?width=400,https://image.uniqlo.com/UQ/ST3/WesternCommon/imagesgoods/481200/sub/goods_481200_sub14_3x4.jpg?width=400,481200
E478280-000,Down Coat,179.9,men,outerwear,https://www.uniqlo.com/us/en/products/E478280-000,https://image.uniqlo.com/UQ/ST3/us/imagesgoods/478280/sub/usgoods_478280_sub7_3x4.jpg?width=400,https://image.uniqlo.com/UQ/ST3/WesternCommon/imagesgoods/478280/sub/goods_478280_sub14_3x4.jpg?width=400,478280
E478278-000,Down Coat,179.9,men,outerwear,https://www.uniqlo.com/us/en/products/E478278-000,https://image.uniqlo.com/UQ/ST3/us/imagesgoods/478278/sub/usgoods_478278_sub7_3x4.jpg?width=400,https://image.uniqlo.com/UQ/ST3/WesternCommon/imagesgoods/478278/sub/goods_478278_sub14_3x4.jpg?width=400,478278
E478284-000,Coat,159.9,unisex,outerwear,https://www.uniqlo.com/us/en/products/E478284-000,https://image.uniqlo.com/UQ/ST3/us/imagesgoods/478284/sub/usgoods_478284_sub7_3x4.jpg?width=400,https://image.uniqlo.com/UQ/ST3/WesternCommon/imagesgoods/478284/sub/goods_478284_sub14_3x4.jpg?width=400,478284
E481241-000,Coat | Checked,159.9,men,outerwear,https://www.uniqlo.com/us/en/products/E481241-000,https://image.uniqlo.com/UQ/ST3/us/imagesgoods/481241/sub/usgoods_481241_sub7_3x4.jpg?width=400,https://image.uniqlo.com/UQ/ST3/WesternCommon/imagesgoods/481241/sub/goods_481241_sub14_3x4.jpg?width=400,481241
E479417-000,Single Breasted Coat,159.9,men,outerwear,https://www.uniqlo.com/us/en/products/E479417-000,https://image.uniqlo.com/UQ/ST3/us/imagesgoods/479417/sub/usgoods_479417_sub7_3x4.jpg?width=400,https://image.uniqlo.com/UQ/ST3/WesternCommon/imagesgoods/479417/sub/goods_479417_sub14_3x4.jpg?width=400,479417
E479813-000,Half Coat,159.9,men,outerwear,https://www.uniqlo.com/us/en/products/E479813-000,https://image.uniqlo.com/UQ/ST3/us/imagesgoods/479813/sub/usgoods_479813_sub7_3x4.jpg?width=400,https://image.uniqlo.com/UQ/ST3/WesternCommon/imagesgoods/479813/sub/goods_479813_sub14_3x4.jpg?width=400,479813
E479212-000,Soft Down Jacket,89.9,women,outerwear,https://www.uniqlo.com/us/en/products/E479212-000,https://image.uniqlo.com/UQ/ST3/us/imagesgoods/479212/sub/usgoods_479212_sub7_3x4.jpg?width=400,https://image.uniqlo.com/UQ/ST3/WesternCommon/imagesgoods/479212/sub/goods_479212_sub14_3x4.jpg?width=400,479212
